date,speaker,district,unemployment_discussion_score,unemployment_rate,num_turns
2006-01-31,FISHER,Dallas,0.22345715590539877,3.2412605135768855,684
2006-01-31,GEITHNER,New York,0.19908649686037522,3.2412605135768855,1140
2006-01-31,GUYNN,Atlanta,0.2208024553520177,3.2412605135768855,684
2006-01-31,HOENIG,Kansas City,0.2677024202413815,3.2412605135768855,456
2006-01-31,LACKER,Richmond,0.23741391879739374,3.2412605135768855,912
2006-01-31,MINEHAN,Boston,0.24413190868784018,3.2412605135768855,1596
2006-01-31,MOSKOW,Chicago,0.2747370516483304,3.2412605135768855,456
2006-01-31,PIANALTO,Cleveland,0.25142842975462387,3.2412605135768855,456
2006-01-31,POOLE,St. Louis,0.19225235403521404,3.2412605135768855,684
2006-01-31,SANTOMERO,Philadelphia,0.24235336854488193,3.2412605135768855,684
2006-01-31,STERN,Minneapolis,0.27101888856071155,3.2412605135768855,684
2006-01-31,YELLEN,San Francisco,0.22260222560372983,3.2412605135768855,684
2006-03-28,FISHER,Dallas,0.24170222352078838,5.414898033587189,5852
2006-03-28,GEITHNER,New York,0.23899895624858955,5.414898033587189,2926
2006-03-28,GUYNN,Atlanta,0.25058724023276535,5.414898033587189,3135
2006-03-28,HOENIG,Kansas City,0.2565880445232282,5.414898033587189,1672
2006-03-28,LACKER,Richmond,0.22247362982699975,5.414898033587189,6270
2006-03-28,MINEHAN,Boston,0.18883803834628757,5.414898033587189,5852
2006-03-28,MOSKOW,Chicago,0.247567375282797,5.414898033587189,5016
2006-03-28,PIANALTO,Cleveland,0.24523655704129058,5.414898033587189,2926
2006-03-28,POOLE,St. Louis,0.24812355214244633,5.414898033587189,5016
2006-03-28,STERN,Minneapolis,0.30743924052531285,5.414898033587189,3135
2006-03-28,YELLEN,San Francisco,0.28336158210392215,5.414898033587189,5643
2006-05-10,FISHER,Dallas,0.24259586806898384,3.1338339668329223,3672
2006-05-10,GEITHNER,New York,0.23282004499609457,3.1338339668329223,1530
2006-05-10,GUYNN,Atlanta,0.3321054452061479,3.1338339668329223,918
2006-05-10,HOENIG,Kansas City,0.24016664584451874,3.1338339668329223,1836
2006-05-10,LACKER,Richmond,0.2532818214248387,3.1338339668329223,3366
2006-05-10,MINEHAN,Boston,0.19046894422082994,3.1338339668329223,3672
2006-05-10,MOSKOW,Chicago,0.20303067263466615,3.1338339668329223,2448
2006-05-10,PIANALTO,Cleveland,0.2739082459590598,3.1338339668329223,918
2006-05-10,POOLE,St. Louis,0.2846578833657236,3.1338339668329223,3060
2006-05-10,STERN,Minneapolis,0.3369432450066831,3.1338339668329223,918
2006-05-10,YELLEN,San Francisco,0.2891497786973375,3.1338339668329223,1836
2006-06-29,FISHER,Dallas,0.2238517821083317,6.011602414373767,4342
2006-06-29,GEITHNER,New York,0.20695825423859313,6.011602414373767,3006
2006-06-29,GUYNN,Atlanta,0.22752081888204667,6.011602414373767,1503
2006-06-29,HOENIG,Kansas City,0.32848098596936776,6.011602414373767,1002
2006-06-29,LACKER,Richmond,0.21104567604139407,6.011602414373767,4342
2006-06-29,MINEHAN,Boston,0.26355297324112054,6.011602414373767,5344
2006-06-29,MOSKOW,Chicago,0.21857426582792355,6.011602414373767,3006
2006-06-29,PIANALTO,Cleveland,0.2783326240511817,6.011602414373767,1002
2006-06-29,POOLE,St. Louis,0.20845328665786705,6.011602414373767,3006
2006-06-29,STERN,Minneapolis,0.31044919251101316,6.011602414373767,1002
2006-06-29,YELLEN,San Francisco,0.24951831566655827,6.011602414373767,2004
2006-08-08,FISHER,Dallas,0.2774245034193185,5.389865454534941,1392
2006-08-08,GEITHNER,New York,0.19983644807324155,5.389865454534941,1856
2006-08-08,GUYNN,Atlanta,0.27811083730214353,5.389865454534941,1044
2006-08-08,HOENIG,Kansas City,0.2708589593658873,5.389865454534941,696
2006-08-08,LACKER,Richmond,0.2838831432554756,5.389865454534941,928
2006-08-08,MINEHAN,Boston,0.29237658257827326,5.389865454534941,2088
2006-08-08,MOSKOW,Chicago,0.2984428004054481,5.389865454534941,1856
2006-08-08,PIANALTO,Cleveland,0.30171247596316814,5.389865454534941,928
2006-08-08,PLOSSER,Philadelphia,0.27097102164015624,5.389865454534941,1160
2006-08-08,POOLE,St. Louis,0.32070295170052177,5.389865454534941,1624
2006-08-08,STERN,Minneapolis,0.2694231124683998,5.389865454534941,1044
2006-08-08,YELLEN,San Francisco,0.2527293954810686,5.389865454534941,1392
2006-09-20,FISHER,Dallas,0.28612083438459757,6.078583577994432,1806
2006-09-20,GEITHNER,New York,0.23132014343284138,6.078583577994432,774
2006-09-20,GUYNN,Atlanta,0.29212351169638795,6.078583577994432,774
2006-09-20,HOENIG,Kansas City,0.34487247195908666,6.078583577994432,516
2006-09-20,LACKER,Richmond,0.21688895176386375,6.078583577994432,4386
2006-09-20,MINEHAN,Boston,0.3015004836244282,6.078583577994432,2580
2006-09-20,MOSKOW,Chicago,0.22960668108748652,6.078583577994432,1806
2006-09-20,PIANALTO,Cleveland,0.34664913498660344,6.078583577994432,516
2006-09-20,PLOSSER,Philadelphia,0.3010954303678384,6.078583577994432,516
2006-09-20,POOLE,St. Louis,0.2551890174749782,6.078583577994432,1806
2006-09-20,STERN,Minneapolis,0.30829448234657236,6.078583577994432,1548
2006-09-20,YELLEN,San Francisco,0.3223174571091567,6.078583577994432,774
2006-10-25,FISHER,Dallas,0.2621320910426265,5.357667190425541,6696
2006-10-25,GEITHNER,New York,0.20675151357470806,5.357667190425541,5580
2006-10-25,HOENIG,Kansas City,0.25188676285442835,5.357667190425541,2976
2006-10-25,LACKER,Richmond,0.2508008482296954,5.357667190425541,2976
2006-10-25,MINEHAN,Boston,0.2386710860696824,5.357667190425541,5580
2006-10-25,MOSKOW,Chicago,0.24001714322688653,5.357667190425541,4464
2006-10-25,PIANALTO,Cleveland,0.26937213795926845,5.357667190425541,1488
2006-10-25,PLOSSER,Philadelphia,0.28763024423805167,5.357667190425541,2604
2006-10-25,POOLE,St. Louis,0.24803775432810077,5.357667190425541,5952
2006-10-25,STERN,Minneapolis,0.26688383646138564,5.357667190425541,2790
2006-10-25,YELLEN,San Francisco,0.3232847229591205,5.357667190425541,3348
2006-12-12,FISHER,Dallas,0.2989530935782479,4.4646649129837765,2072
2006-12-12,GEITHNER,New York,0.22465751573610393,4.4646649129837765,4736
2006-12-12,HOENIG,Kansas City,0.1924126729656727,4.4646649129837765,1776
2006-12-12,LACKER,Richmond,0.2845391667817945,4.4646649129837765,2368
2006-12-12,MINEHAN,Boston,0.21084870566081315,4.4646649129837765,3848
2006-12-12,MOSKOW,Chicago,0.3572179634883865,4.4646649129837765,1184
2006-12-12,PIANALTO,Cleveland,0.31233068184105883,4.4646649129837765,1480
2006-12-12,PLOSSER,Philadelphia,0.234022941128006,4.4646649129837765,2072
2006-12-12,POOLE,St. Louis,0.2367335318820199,4.4646649129837765,2072
2006-12-12,STERN,Minneapolis,0.2745864984795067,4.4646649129837765,1332
2006-12-12,YELLEN,San Francisco,0.34691199503138187,4.4646649129837765,1776
2007-01-31,DUDLEY,New York,0.25813533695922897,4.465157145475288,4496
2007-01-31,FISHER,Dallas,0.26031487459972574,4.465157145475288,10678
2007-01-31,GEITHNER,New York,0.21215246349330302,4.465157145475288,19108
2007-01-31,HOENIG,Kansas City,0.23141683870823027,4.465157145475288,5620
2007-01-31,LACKER,Richmond,0.22378541352449807,4.465157145475288,13488
2007-01-31,MINEHAN,Boston,0.2138017701471636,4.465157145475288,15736
2007-01-31,MOSKOW,Chicago,0.19206917534565773,4.465157145475288,8430
2007-01-31,PIANALTO,Cleveland,0.256168026927823,4.465157145475288,2248
2007-01-31,PLOSSER,Philadelphia,0.26160964472565956,4.465157145475288,4496
2007-01-31,POOLE,St. Louis,0.22289592814159298,4.465157145475288,7868
2007-01-31,STERN,Minneapolis,0.24973834554884958,4.465157145475288,5058
2007-01-31,YELLEN,San Francisco,0.2253793889808897,4.465157145475288,10959
2007-03-21,DUDLEY,New York,0.2316901305621978,3.965890299706881,5348
2007-03-21,FISHER,Dallas,0.25561504961888326,3.965890299706881,3438
2007-03-21,GEITHNER,New York,0.24094337313462028,3.965890299706881,6112
2007-03-21,HOENIG,Kansas City,0.2828971265846078,3.965890299706881,2292
2007-03-21,LACKER,Richmond,0.2223809725973336,3.965890299706881,6876
2007-03-21,LOCKHART,Atlanta,0.29014069117574154,3.965890299706881,1719
2007-03-21,MINEHAN,Boston,0.24006125205722503,3.965890299706881,5348
2007-03-21,MOSKOW,Chicago,0.21560573506784453,3.965890299706881,4202
2007-03-21,PIANALTO,Cleveland,0.2494581379842081,3.965890299706881,1910
2007-03-21,PLOSSER,Philadelphia,0.2556218718525307,3.965890299706881,1910
2007-03-21,POOLE,St. Louis,0.26735321853297495,3.965890299706881,4966
2007-03-21,STERN,Minneapolis,0.305456099594869,3.965890299706881,3438
2007-03-21,YELLEN,San Francisco,0.294492513739188,3.965890299706881,1719
2007-05-09,DUDLEY,New York,0.2368534723348671,5.533261712298875,1032
2007-05-09,FISHER,Dallas,0.20916053667490972,5.533261712298875,3354
2007-05-09,GEITHNER,New York,0.22526670015324787,5.533261712298875,2838
2007-05-09,HOENIG,Kansas City,0.32282107821022105,5.533261712298875,516
2007-05-09,LACKER,Richmond,0.31109048351083374,5.533261712298875,1548
2007-05-09,LOCKHART,Atlanta,0.34022019708701035,5.533261712298875,1161
2007-05-09,MINEHAN,Boston,0.27542595868103714,5.533261712298875,3096
2007-05-09,MOSKOW,Chicago,0.26287601423744916,5.533261712298875,2064
2007-05-09,PIANALTO,Cleveland,0.30869569759955756,5.533261712298875,516
2007-05-09,PLOSSER,Philadelphia,0.2577695091783683,5.533261712298875,1548
2007-05-09,POOLE,St. Louis,0.34999288542454127,5.533261712298875,1290
2007-05-09,STERN,Minneapolis,0.2723944420158799,5.533261712298875,3096
2007-05-09,YELLEN,San Francisco,0.3465246928137462,5.533261712298875,774
2007-06-28,DUDLEY,New York,0.23989222911864735,5.061679849847971,2610
2007-06-28,FISHER,Dallas,0.17086988072017187,5.061679849847971,8352
2007-06-28,GEITHNER,New York,0.17860948197446797,5.061679849847971,12528
2007-06-28,HOENIG,Kansas City,0.17239355949962276,5.061679849847971,6786
2007-06-28,LACKER,Richmond,0.19923552327588695,5.061679849847971,9396
2007-06-28,LOCKHART,Atlanta,0.22311369956395366,5.061679849847971,4698
2007-06-28,MINEHAN,Boston,0.18179261393484386,5.061679849847971,12528
2007-06-28,MOSKOW,Chicago,0.23714463199426225,5.061679849847971,6264
2007-06-28,PIANALTO,Cleveland,0.23252423086138566,5.061679849847971,3132
2007-06-28,PLOSSER,Philadelphia,0.23286226109369587,5.061679849847971,4698
2007-06-28,POOLE,St. Louis,0.22309083428585194,5.061679849847971,4698
2007-06-28,STERN,Minneapolis,0.25489017679843085,5.061679849847971,4698
2007-06-28,YELLEN,San Francisco,0.23092639104782567,5.061679849847971,3915
2007-08-07,DUDLEY,New York,0.22867231114409134,3.7959130498288034,1694
2007-08-07,FISHER,Dallas,0.2293293884447095,3.7959130498288034,2178
2007-08-07,GEITHNER,New York,0.2884725836023194,3.7959130498288034,968
2007-08-07,HOENIG,Kansas City,0.3186749116843008,3.7959130498288034,726
2007-08-07,LACKER,Richmond,0.2517744436481338,3.7959130498288034,2662
2007-08-07,LOCKHART,Atlanta,0.3014120437381433,3.7959130498288034,1452
2007-08-07,MOSKOW,Chicago,0.20402803752239543,3.7959130498288034,1694
2007-08-07,PIANALTO,Cleveland,0.34243996089764367,3.7959130498288034,484
2007-08-07,PLOSSER,Philadelphia,0.23831787421822867,3.7959130498288034,1694
2007-08-07,POOLE,St. Louis,0.30191378284018183,3.7959130498288034,726
2007-08-07,ROSENGREN,Boston,0.3341712507878272,3.7959130498288034,726
2007-08-07,STERN,Minneapolis,0.34667656755080517,3.7959130498288034,726
2007-08-07,YELLEN,San Francisco,0.3431463765331153,3.7959130498288034,726
2007-09-18,DUDLEY,New York,0.24195819096059593,4.120331636633855,9982
2007-09-18,EVANS,Chicago,0.2485472349429791,4.120331636633855,3038
2007-09-18,FISHER,Dallas,0.17924112963775565,4.120331636633855,9982
2007-09-18,GEITHNER,New York,0.19982082407691662,4.120331636633855,6944
2007-09-18,HOENIG,Kansas City,0.2688925325767227,4.120331636633855,1736
2007-09-18,LACKER,Richmond,0.20217858415302142,4.120331636633855,6076
2007-09-18,LOCKHART,Atlanta,0.26654275399426836,4.120331636633855,1953
2007-09-18,PIANALTO,Cleveland,0.3068384791825684,4.120331636633855,1302
2007-09-18,PLOSSER,Philadelphia,0.27847944293819465,4.120331636633855,4340
2007-09-18,POOLE,St. Louis,0.22737845404311666,4.120331636633855,4774
2007-09-18,ROSENGREN,Boston,0.20826385481441914,4.120331636633855,3472
2007-09-18,STERN,Minneapolis,0.24454392638075684,4.120331636633855,3255
2007-09-18,YELLEN,San Francisco,0.29626263536081265,4.120331636633855,1953
2007-10-31,DUDLEY,New York,0.26018195755222273,5.197335400348567,1870
2007-10-31,EVANS,Chicago,0.3109812602169625,5.197335400348567,1496
2007-10-31,FISHER,Dallas,0.2649984762487525,5.197335400348567,5236
2007-10-31,GEITHNER,New York,0.2181409751947032,5.197335400348567,8602
2007-10-31,HOENIG,Kansas City,0.18682116567008555,5.197335400348567,3740
2007-10-31,LACKER,Richmond,0.29925139072352086,5.197335400348567,4488
2007-10-31,LOCKHART,Atlanta,0.21227074315970754,5.197335400348567,3927
2007-10-31,PIANALTO,Cleveland,0.3637799982209068,5.197335400348567,748
2007-10-31,PLOSSER,Philadelphia,0.24048817324268962,5.197335400348567,4488
2007-10-31,POOLE,St. Louis,0.1833439476910837,5.197335400348567,4862
2007-10-31,ROSENGREN,Boston,0.2859273621272286,5.197335400348567,2244
2007-10-31,STERN,Minneapolis,0.2898723431524529,5.197335400348567,2805
2007-10-31,YELLEN,San Francisco,0.27622816495587993,5.197335400348567,1683
2007-12-11,DUDLEY,New York,0.2574247118022299,5.764936764313051,1488
2007-12-11,EVANS,Chicago,0.3226666450837271,5.764936764313051,1240
2007-12-11,FISHER,Dallas,0.17503459402844138,5.764936764313051,2232
2007-12-11,GEITHNER,New York,0.2305203544308705,5.764936764313051,1984
2007-12-11,HOENIG,Kansas City,0.32490040156526867,5.764936764313051,1240
2007-12-11,LACKER,Richmond,0.37643041803580096,5.764936764313051,744
2007-12-11,LOCKHART,Atlanta,0.28962964887295445,5.764936764313051,1116
2007-12-11,PIANALTO,Cleveland,0.3806853456916016,5.764936764313051,496
2007-12-11,PLOSSER,Philadelphia,0.27523947373240537,5.764936764313051,1736
2007-12-11,POOLE,St. Louis,0.2618702706521039,5.764936764313051,2480
2007-12-11,ROSENGREN,Boston,0.4075672938287719,5.764936764313051,496
2007-12-11,STERN,Minneapolis,0.3518666393862792,5.764936764313051,1116
2007-12-11,YELLEN,San Francisco,0.22080434030405807,5.764936764313051,2976
2008-01-30,DUDLEY,New York,0.21478459829348312,5.833102935287477,7840
2008-01-30,EVANS,Chicago,0.2361234834329279,5.833102935287477,5600
2008-01-30,FISHER,Dallas,0.21964091254401932,5.833102935287477,6160
2008-01-30,GEITHNER,New York,0.2216798181683911,5.833102935287477,14560
2008-01-30,HOENIG,Kansas City,0.23488183143862684,5.833102935287477,4480
2008-01-30,LACKER,Richmond,0.2285247344632725,5.833102935287477,15680
2008-01-30,LOCKHART,Atlanta,0.26918253311411827,5.833102935287477,5040
2008-01-30,PIANALTO,Cleveland,0.3663385080978077,5.833102935287477,1120
2008-01-30,PLOSSER,Philadelphia,0.241881058497603,5.833102935287477,7840
2008-01-30,POOLE,St. Louis,0.19618760809773958,5.833102935287477,11200
2008-01-30,ROSENGREN,Boston,0.2717863003409258,5.833102935287477,4480
2008-01-30,STERN,Minneapolis,0.3662750018278691,5.833102935287477,2520
2008-01-30,YELLEN,San Francisco,0.23516937458388681,5.833102935287477,8400
2008-03-18,DUDLEY,New York,0.20546190373691026,4.512732035888973,3146
2008-03-18,EVANS,Chicago,0.2809546421229925,4.512732035888973,1694
2008-03-18,FISHER,Dallas,0.24514196896405485,4.512732035888973,4114
2008-03-18,GEITHNER,New York,0.21756388922924177,4.512732035888973,3872
2008-03-18,HOENIG,Kansas City,0.260385551362132,4.512732035888973,968
2008-03-18,LACKER,Richmond,0.2720959120316492,4.512732035888973,1452
2008-03-18,LOCKHART,Atlanta,0.2833384609197949,4.512732035888973,1089
2008-03-18,PIANALTO,Cleveland,0.3638488755571986,4.512732035888973,484
2008-03-18,PLOSSER,Philadelphia,0.3235453429680016,4.512732035888973,968
2008-03-18,ROSENGREN,Boston,0.3583363759067371,4.512732035888973,726
2008-03-18,STERN,Minneapolis,0.2976777646737711,4.512732035888973,726
2008-03-18,YELLEN,San Francisco,0.346678380921608,4.512732035888973,726
2008-04-30,BULLARD,St. Louis,0.2872039004106538,5.13015385483669,3456
2008-04-30,DUDLEY,New York,0.22666956276007091,5.13015385483669,9504
2008-04-30,EVANS,Chicago,0.2510716580630901,5.13015385483669,3888
2008-04-30,FISHER,Dallas,0.21218519033451816,5.13015385483669,7344
2008-04-30,GEITHNER,New York,0.2185660785268035,5.13015385483669,5184
2008-04-30,HOENIG,Kansas City,0.22115612821216651,5.13015385483669,2592
2008-04-30,LACKER,Richmond,0.26516919539772077,5.13015385483669,3888
2008-04-30,LOCKHART,Atlanta,0.2761259359093985,5.13015385483669,2592
2008-04-30,PIANALTO,Cleveland,0.3022562072502725,5.13015385483669,1296
2008-04-30,PLOSSER,Philadelphia,0.22306642211699318,5.13015385483669,3888
2008-04-30,ROSENGREN,Boston,0.30681906265001496,5.13015385483669,1728
2008-04-30,STERN,Minneapolis,0.2684538819436838,5.13015385483669,5184
2008-04-30,YELLEN,San Francisco,0.3266302875780982,5.13015385483669,3240
2008-06-25,BULLARD,St. Louis,0.2975371426562788,6.267651511187974,2472
2008-06-25,DUDLEY,New York,0.2192037252821647,6.267651511187974,6180
2008-06-25,EVANS,Chicago,0.3119751708176457,6.267651511187974,2060
2008-06-25,FISHER,Dallas,0.2195370551438081,6.267651511187974,8240
2008-06-25,GEITHNER,New York,0.220985180747648,6.267651511187974,6592
2008-06-25,HOENIG,Kansas City,0.2409791793516384,6.267651511187974,2060
2008-06-25,LACKER,Richmond,0.2092153610404318,6.267651511187974,12360
2008-06-25,LOCKHART,Atlanta,0.27566321646371844,6.267651511187974,1854
2008-06-25,PIANALTO,Cleveland,0.30493374033056087,6.267651511187974,1236
2008-06-25,PLOSSER,Philadelphia,0.22985975128898897,6.267651511187974,4944
2008-06-25,ROSENGREN,Boston,0.24682721631631058,6.267651511187974,3296
2008-06-25,STERN,Minneapolis,0.2427934907650408,6.267651511187974,2472
2008-06-25,YELLEN,San Francisco,0.28499205651128134,6.267651511187974,1854
2008-08-05,BULLARD,St. Louis,0.3399280702843388,5.4601829811451115,780
2008-08-05,DUDLEY,New York,0.27437033258471294,5.4601829811451115,3380
2008-08-05,EVANS,Chicago,0.2832529973584495,5.4601829811451115,2340
2008-08-05,FISHER,Dallas,0.32114761443722206,5.4601829811451115,2860
2008-08-05,GEITHNER,New York,0.26802256566717336,5.4601829811451115,1560
2008-08-05,HOENIG,Kansas City,0.340811692432854,5.4601829811451115,520
2008-08-05,LACKER,Richmond,0.23690927591507432,5.4601829811451115,2600
2008-08-05,LOCKHART,Atlanta,0.2516576792138136,5.4601829811451115,1560
2008-08-05,PIANALTO,Cleveland,0.3251300031343579,5.4601829811451115,520
2008-08-05,PLOSSER,Philadelphia,0.2618823553224993,5.4601829811451115,2600
2008-08-05,ROSENGREN,Boston,0.3634443346680805,5.4601829811451115,780
2008-08-05,STERN,Minneapolis,0.3179870339233034,5.4601829811451115,780
2008-08-05,YELLEN,San Francisco,0.38707740021226167,5.4601829811451115,780
2008-09-16,BULLARD,St. Louis,0.358873456021341,7.418447660096024,284
2008-09-16,DUDLEY,New York,0.20583020057715426,7.418447660096024,7952
2008-09-16,EVANS,Chicago,0.20123341753548354,7.418447660096024,1136
2008-09-16,FISHER,Dallas,0.2338374005621634,7.418447660096024,1988
2008-09-16,HOENIG,Kansas City,0.27847942418653965,7.418447660096024,852
2008-09-16,LACKER,Richmond,0.18392343585147955,7.418447660096024,6816
2008-09-16,LOCKHART,Atlanta,0.3798222981531783,7.418447660096024,426
2008-09-16,PIANALTO,Cleveland,0.34714715960610526,7.418447660096024,284
2008-09-16,PLOSSER,Philadelphia,0.1912546052841449,7.418447660096024,3124
2008-09-16,ROSENGREN,Boston,0.3209671473423855,7.418447660096024,852
2008-09-16,STERN,Minneapolis,0.21612239970456792,7.418447660096024,1704
2008-09-16,YELLEN,San Francisco,0.3777298378476736,7.418447660096024,426
2008-10-29,BULLARD,St. Louis,0.24800662299348958,6.440333592693028,2140
2008-10-29,DUDLEY,New York,0.22490575351677677,6.440333592693028,4280
2008-10-29,EVANS,Chicago,0.2587135032366406,6.440333592693028,2140
2008-10-29,FISHER,Dallas,0.20503431523757273,6.440333592693028,7276
2008-10-29,GEITHNER,New York,0.16469355829572155,6.440333592693028,7704
2008-10-29,HOENIG,Kansas City,0.2314456048412058,6.440333592693028,1712
2008-10-29,LACKER,Richmond,0.23732581060234506,6.440333592693028,11128
2008-10-29,LOCKHART,Atlanta,0.23022707796607864,6.440333592693028,3852
2008-10-29,PIANALTO,Cleveland,0.2946711603937651,6.440333592693028,1284
2008-10-29,PLOSSER,Philadelphia,0.22620583135215913,6.440333592693028,8560
2008-10-29,ROSENGREN,Boston,0.29815333573501895,6.440333592693028,2996
2008-10-29,STERN,Minneapolis,0.2849743137277921,6.440333592693028,2568
2008-10-29,YELLEN,San Francisco,0.374824789616471,6.440333592693028,1284
2008-12-16,BULLARD,St. Louis,0.23322500590438275,5.064232352849805,12032
2008-12-16,DUDLEY,New York,0.21882099227874238,5.064232352849805,51136
2008-12-16,EVANS,Chicago,0.2626903792396426,5.064232352849805,3760
2008-12-16,FISHER,Dallas,0.22051156901660515,5.064232352849805,24816
2008-12-16,HOENIG,Kansas City,0.20975365741734633,5.064232352849805,12032
2008-12-16,LACKER,Richmond,0.18362324216650117,5.064232352849805,60912
2008-12-16,LOCKHART,Atlanta,0.2229618889432252,5.064232352849805,6768
2008-12-16,PIANALTO,Cleveland,0.29002302805379476,5.064232352849805,2256
2008-12-16,PLOSSER,Philadelphia,0.21668516974900323,5.064232352849805,11280
2008-12-16,ROSENGREN,Boston,0.2815309899936158,5.064232352849805,5264
2008-12-16,STERN,Minneapolis,0.29030450076860087,5.064232352849805,3384
2008-12-16,YELLEN,San Francisco,0.313806395200817,5.064232352849805,3384
2009-01-28,BULLARD,St. Louis,0.23800297127903794,5.101441868756287,15666
2009-01-28,DUDLEY,New York,0.21432169849035748,5.101441868756287,20142
2009-01-28,EVANS,Chicago,0.20638068020371883,5.101441868756287,16412
2009-01-28,FISHER,Dallas,0.19148883269109623,5.101441868756287,14174
2009-01-28,HOENIG,Kansas City,0.2689931989902803,5.101441868756287,5968
2009-01-28,LACKER,Richmond,0.19869336457491074,5.101441868756287,41776
2009-01-28,LOCKHART,Atlanta,0.2018463366889506,5.101441868756287,11190
2009-01-28,PIANALTO,Cleveland,0.3124852824774633,5.101441868756287,2984
2009-01-28,PLOSSER,Philadelphia,0.19890528922367198,5.101441868756287,22380
2009-01-28,ROSENGREN,Boston,0.2296126572283868,5.101441868756287,9698
2009-01-28,STERN,Minneapolis,0.25509957560557617,5.101441868756287,8952
2009-01-28,YELLEN,San Francisco,0.3026919800946132,5.101441868756287,5595
2009-03-18,BULLARD,St. Louis,0.18755061735520429,10.280744980099088,17600
2009-03-18,DUDLEY,New York,0.18860479962522392,10.280744980099088,16800
2009-03-18,EVANS,Chicago,0.21151970899558556,10.280744980099088,13600
2009-03-18,FISHER,Dallas,0.17612330044160962,10.280744980099088,22400
2009-03-18,HOENIG,Kansas City,0.18740673006741765,10.280744980099088,8000
2009-03-18,LACKER,Richmond,0.17823013317226302,10.280744980099088,40000
2009-03-18,LOCKHART,Atlanta,0.21659782167376596,10.280744980099088,8400
2009-03-18,PIANALTO,Cleveland,0.25361580647678167,10.280744980099088,5600
2009-03-18,PLOSSER,Philadelphia,0.19767676723039615,10.280744980099088,23200
2009-03-18,ROSENGREN,Boston,0.2667616170682485,10.280744980099088,4800
2009-03-18,STERN,Minneapolis,0.2846291320150068,10.280744980099088,7200
2009-03-18,YELLEN,San Francisco,0.29136858341958566,10.280744980099088,4800
2009-04-29,BULLARD,St. Louis,0.22054682377317533,9.105444236277394,2310
2009-04-29,DUDLEY,New York,0.22847175726887758,9.105444236277394,3696
2009-04-29,EVANS,Chicago,0.21559721618639924,9.105444236277394,6006
2009-04-29,FISHER,Dallas,0.19966777042454645,9.105444236277394,10626
2009-04-29,HOENIG,Kansas City,0.18326650616622406,9.105444236277394,4158
2009-04-29,LACKER,Richmond,0.22078794528558993,9.105444236277394,12936
2009-04-29,LOCKHART,Atlanta,0.2415493841359023,9.105444236277394,2772
2009-04-29,PIANALTO,Cleveland,0.26948330019162126,9.105444236277394,1848
2009-04-29,PLOSSER,Philadelphia,0.2193303348326766,9.105444236277394,5544
2009-04-29,ROSENGREN,Boston,0.24031970060505536,9.105444236277394,2772
2009-04-29,STERN,Minneapolis,0.22113205428159824,9.105444236277394,4158
2009-04-29,YELLEN,San Francisco,0.26517356223595706,9.105444236277394,3465
2009-06-24,BULLARD,St. Louis,0.2556804320116074,10.280934122809484,5022
2009-06-24,DUDLEY,New York,0.23256619917336804,10.280934122809484,8370
2009-06-24,EVANS,Chicago,0.2089240244191833,10.280934122809484,7254
2009-06-24,FISHER,Dallas,0.22284399197159324,10.280934122809484,9486
2009-06-24,HOENIG,Kansas City,0.22393690514618197,10.280934122809484,4464
2009-06-24,LACKER,Richmond,0.2283488132174659,10.280934122809484,15624
2009-06-24,LOCKHART,Atlanta,0.2207515717774825,10.280934122809484,5022
2009-06-24,PIANALTO,Cleveland,0.32027058094126093,10.280934122809484,1674
2009-06-24,PLOSSER,Philadelphia,0.22937616162020952,10.280934122809484,10602
2009-06-24,ROSENGREN,Boston,0.2994682154001384,10.280934122809484,3348
2009-06-24,STERN,Minneapolis,0.25797966640012054,10.280934122809484,5022
2009-06-24,YELLEN,San Francisco,0.32776733882677467,10.280934122809484,2511
2009-08-12,BULLARD,St. Louis,0.29356447496584026,8.31503051611805,2562
2009-08-12,DUDLEY,New York,0.21991207148811023,8.31503051611805,3660
2009-08-12,EVANS,Chicago,0.28846551834431383,8.31503051611805,1830
2009-08-12,FISHER,Dallas,0.22945072102514388,8.31503051611805,4026
2009-08-12,HOENIG,Kansas City,0.32991481331112843,8.31503051611805,1464
2009-08-12,LACKER,Richmond,0.23805145091349764,8.31503051611805,10614
2009-08-12,LOCKHART,Atlanta,0.3146083919305549,8.31503051611805,1647
2009-08-12,PIANALTO,Cleveland,0.33742151997538194,8.31503051611805,732
2009-08-12,PLOSSER,Philadelphia,0.22666624650151282,8.31503051611805,4026
2009-08-12,ROSENGREN,Boston,0.2875661371932436,8.31503051611805,2196
2009-08-12,STERN,Minneapolis,0.33966883601661085,8.31503051611805,3294
2009-08-12,YELLEN,San Francisco,0.30174174751660365,8.31503051611805,1647
2009-09-23,BULLARD,St. Louis,0.18463878417664686,9.51978716435598,7722
2009-09-23,DUDLEY,New York,0.19842081603817255,9.51978716435598,8316
2009-09-23,EVANS,Chicago,0.21547988740727417,9.51978716435598,7128
2009-09-23,FISHER,Dallas,0.24029711173191579,9.51978716435598,10098
2009-09-23,HOENIG,Kansas City,0.28773718174531415,9.51978716435598,3564
2009-09-23,LACKER,Richmond,0.20314129507901524,9.51978716435598,26136
2009-09-23,LOCKHART,Atlanta,0.241027597152886,9.51978716435598,5346
2009-09-23,PIANALTO,Cleveland,0.34780867001846555,9.51978716435598,1188
2009-09-23,PLOSSER,Philadelphia,0.21870982578933382,9.51978716435598,19602
2009-09-23,ROSENGREN,Boston,0.2706851050514004,9.51978716435598,3564
2009-09-23,YELLEN,San Francisco,0.3000963236793832,9.51978716435598,3564
2009-11-04,BULLARD,St. Louis,0.25819530446577077,9.438856281929976,2680
2009-11-04,DUDLEY,New York,0.21682162223470108,9.438856281929976,10184
2009-11-04,EVANS,Chicago,0.20090392232699816,9.438856281929976,5896
2009-11-04,FISHER,Dallas,0.2563235640324179,9.438856281929976,6968
2009-11-04,HOENIG,Kansas City,0.23431341646176154,9.438856281929976,1608
2009-11-04,KOCHERLAKOTA,Minneapolis,0.25746253740192315,9.438856281929976,4824
2009-11-04,LACKER,Richmond,0.20142058300709897,9.438856281929976,20368
2009-11-04,LOCKHART,Atlanta,0.1900769912631382,9.438856281929976,11256
2009-11-04,PIANALTO,Cleveland,0.3146401235719477,9.438856281929976,1608
2009-11-04,PLOSSER,Philadelphia,0.1628919491357768,9.438856281929976,12864
2009-11-04,ROSENGREN,Boston,0.32790624759167075,9.438856281929976,1608
2009-11-04,YELLEN,San Francisco,0.2615071430107517,9.438856281929976,4020
2009-12-16,BULLARD,St. Louis,0.18430380026239007,8.174735271384248,7500
2009-12-16,DUDLEY,New York,0.2034278057310523,8.174735271384248,4500
2009-12-16,EVANS,Chicago,0.20310996108692822,8.174735271384248,8000
2009-12-16,FISHER,Dallas,0.25488759323196414,8.174735271384248,5500
2009-12-16,HOENIG,Kansas City,0.26646774228145514,8.174735271384248,5000
2009-12-16,KOCHERLAKOTA,Minneapolis,0.2257705843687138,8.174735271384248,10500
2009-12-16,LACKER,Richmond,0.18544152234849223,8.174735271384248,11000
2009-12-16,LOCKHART,Atlanta,0.2723773227983525,8.174735271384248,6000
2009-12-16,PIANALTO,Cleveland,0.27036029537945505,8.174735271384248,2000
2009-12-16,PLOSSER,Philadelphia,0.20894912863966997,8.174735271384248,8500
2009-12-16,ROSENGREN,Boston,0.24216106543601326,8.174735271384248,3500
2009-12-16,YELLEN,San Francisco,0.3248287798328799,8.174735271384248,3000
2010-01-27,BULLARD,St. Louis,0.24704390110493712,7.006034909257958,9690
2010-01-27,DUDLEY,New York,0.1952809352786433,7.006034909257958,7980
2010-01-27,EVANS,Chicago,0.29807713776912836,7.006034909257958,3420
2010-01-27,FISHER,Dallas,0.22536658686576125,7.006034909257958,10260
2010-01-27,HOENIG,Kansas City,0.3217392263328338,7.006034909257958,1710
2010-01-27,KOCHERLAKOTA,Minneapolis,0.25090422693536946,7.006034909257958,11970
2010-01-27,LACKER,Richmond,0.2113841910646858,7.006034909257958,15960
2010-01-27,LOCKHART,Atlanta,0.21936359679754922,7.006034909257958,6840
2010-01-27,PIANALTO,Cleveland,0.295727046050364,7.006034909257958,1710
2010-01-27,PLOSSER,Philadelphia,0.17064088834620553,7.006034909257958,10260
2010-01-27,ROSENGREN,Boston,0.2534958344361421,7.006034909257958,3990
2010-01-27,YELLEN,San Francisco,0.31731815895769727,7.006034909257958,4275
2010-03-16,BULLARD,St. Louis,0.2631092430939984,8.119872895610056,1200
2010-03-16,DUDLEY,New York,0.2359730670565123,8.119872895610056,720
2010-03-16,EVANS,Chicago,0.26398584540905584,8.119872895610056,1440
2010-03-16,FISHER,Dallas,0.21858610472299414,8.119872895610056,2160
2010-03-16,HOENIG,Kansas City,0.250676863754418,8.119872895610056,960
2010-03-16,KOCHERLAKOTA,Minneapolis,0.22958060400452054,8.119872895610056,2160
2010-03-16,LACKER,Richmond,0.23496949982764329,8.119872895610056,2640
2010-03-16,LOCKHART,Atlanta,0.2762363889917509,8.119872895610056,1440
2010-03-16,PIANALTO,Cleveland,0.36046203471649463,8.119872895610056,480
2010-03-16,PLOSSER,Philadelphia,0.27216704898985605,8.119872895610056,720
2010-03-16,ROSENGREN,Boston,0.36394225373575245,8.119872895610056,480
2010-03-16,YELLEN,San Francisco,0.3385707037065992,8.119872895610056,1080
2010-04-28,BULLARD,St. Louis,0.25699312501567045,9.52958232226081,1600
2010-04-28,DUDLEY,New York,0.23502485984186663,9.52958232226081,4160
2010-04-28,EVANS,Chicago,0.22844861479395914,9.52958232226081,2240
2010-04-28,HOENIG,Kansas City,0.22638067051247854,9.52958232226081,2240
2010-04-28,KOCHERLAKOTA,Minneapolis,0.22521828012033546,9.52958232226081,2880
2010-04-28,LACKER,Richmond,0.24967947242987706,9.52958232226081,3840
2010-04-28,LOCKHART,Atlanta,0.27295878490129527,9.52958232226081,2400
2010-04-28,PIANALTO,Cleveland,0.3059266111997489,9.52958232226081,960
2010-04-28,PLOSSER,Philadelphia,0.27975897964799185,9.52958232226081,1280
2010-04-28,ROSENGREN,Boston,0.23280784711676708,9.52958232226081,2240
2010-04-28,YELLEN,San Francisco,0.32036855391980384,9.52958232226081,1440
2010-06-23,BULLARD,St. Louis,0.25589415576791097,7.486634305667936,2170
2010-06-23,DUDLEY,New York,0.21232810986803752,7.486634305667936,5642
2010-06-23,EVANS,Chicago,0.265891765592087,7.486634305667936,2604
2010-06-23,FISHER,Dallas,0.1910881795055646,7.486634305667936,10416
2010-06-23,HOENIG,Kansas City,0.2316595563533037,7.486634305667936,2604
2010-06-23,KOCHERLAKOTA,Minneapolis,0.2726564831029046,7.486634305667936,5859
2010-06-23,LACKER,Richmond,0.18082892475866424,7.486634305667936,10850
2010-06-23,LOCKHART,Atlanta,0.23563397233521902,7.486634305667936,4557
2010-06-23,PIANALTO,Cleveland,0.299078248888488,7.486634305667936,1302
2010-06-23,PLOSSER,Philadelphia,0.1811406651484672,7.486634305667936,7812
2010-06-23,ROSENGREN,Boston,0.28522758804281645,7.486634305667936,3038
2010-06-23,YELLEN,San Francisco,0.285322207340216,7.486634305667936,2604
2010-08-10,BULLARD,St. Louis,0.2934233818600936,6.061689791262037,1192
2010-08-10,DUDLEY,New York,0.2210127779735542,6.061689791262037,2682
2010-08-10,EVANS,Chicago,0.3731477344538678,6.061689791262037,596
2010-08-10,FISHER,Dallas,0.2649538886213054,6.061689791262037,4470
2010-08-10,HOENIG,Kansas City,0.29040260663995743,6.061689791262037,596
2010-08-10,KOCHERLAKOTA,Minneapolis,0.2318672941832785,6.061689791262037,4917
2010-08-10,LACKER,Richmond,0.25448476430260947,6.061689791262037,5364
2010-08-10,LOCKHART,Atlanta,0.2923791542663682,6.061689791262037,1788
2010-08-10,PIANALTO,Cleveland,0.33142174312047057,6.061689791262037,894
2010-08-10,PLOSSER,Philadelphia,0.3136220466742985,6.061689791262037,894
2010-08-10,ROSENGREN,Boston,0.2886597297300707,6.061689791262037,894
2010-08-10,YELLEN,San Francisco,0.349134284773945,6.061689791262037,894
2010-09-21,BULLARD,St. Louis,0.2386693445602381,10.8511729101659,2000
2010-09-21,DUDLEY,New York,0.283855628780549,10.8511729101659,750
2010-09-21,EVANS,Chicago,0.27380220062472693,10.8511729101659,1000
2010-09-21,FISHER,Dallas,0.23323864074568668,10.8511729101659,3250
2010-09-21,HOENIG,Kansas City,0.35200498168737204,10.8511729101659,500
2010-09-21,KOCHERLAKOTA,Minneapolis,0.27874784323958773,10.8511729101659,1500
2010-09-21,LACKER,Richmond,0.20901457414808458,10.8511729101659,2750
2010-09-21,LOCKHART,Atlanta,0.3299585202868784,10.8511729101659,1125
2010-09-21,PIANALTO,Cleveland,0.36958514481063337,10.8511729101659,500
2010-09-21,PLOSSER,Philadelphia,0.24949287803712422,10.8511729101659,2250
2010-09-21,ROSENGREN,Boston,0.3147217140957281,10.8511729101659,750
2010-09-21,YELLEN,San Francisco,0.35969978514917467,10.8511729101659,1125
2010-11-03,BULLARD,St. Louis,0.2540145349934006,9.719039915554095,8700
2010-11-03,DUDLEY,New York,0.2184286576658431,9.719039915554095,6380
2010-11-03,EVANS,Chicago,0.1750032353204797,9.719039915554095,10440
2010-11-03,FISHER,Dallas,0.18440789296427534,9.719039915554095,17400
2010-11-03,HOENIG,Kansas City,0.27198432269926265,9.719039915554095,2320
2010-11-03,KOCHERLAKOTA,Minneapolis,0.22928073268829466,9.719039915554095,20880
2010-11-03,LACKER,Richmond,0.2179822053720091,9.719039915554095,22620
2010-11-03,LOCKHART,Atlanta,0.22718579359299237,9.719039915554095,6960
2010-11-03,PIANALTO,Cleveland,0.3660377788321189,9.719039915554095,1160
2010-11-03,PLOSSER,Philadelphia,0.20297430507318703,9.719039915554095,9280
2010-11-03,ROSENGREN,Boston,0.30606671729526774,9.719039915554095,1740
2010-11-03,YELLEN,San Francisco,0.32583744937395104,9.719039915554095,4350
2010-12-14,BULLARD,St. Louis,0.22585759487614218,9.552093849118512,1428
2010-12-14,DUDLEY,New York,0.22268968343030132,9.552093849118512,1666
2010-12-14,EVANS,Chicago,0.3362890773721147,9.552093849118512,714
2010-12-14,FISHER,Dallas,0.24004900586358335,9.552093849118512,3094
2010-12-14,HOENIG,Kansas City,0.3372816144222281,9.552093849118512,476
2010-12-14,KOCHERLAKOTA,Minneapolis,0.23006164638279764,9.552093849118512,1071
2010-12-14,LACKER,Richmond,0.22061830917876654,9.552093849118512,1904
2010-12-14,LOCKHART,Atlanta,0.24219990939355798,9.552093849118512,3213
2010-12-14,PIANALTO,Cleveland,0.3725592564382701,9.552093849118512,476
2010-12-14,PLOSSER,Philadelphia,0.2672285339390971,9.552093849118512,714
2010-12-14,ROSENGREN,Boston,0.2950881739224897,9.552093849118512,952
2010-12-14,YELLEN,San Francisco,0.35986579605595886,9.552093849118512,714
2011-01-26,BULLARD,St. Louis,0.191521822888046,7.6587698973269775,9128
2011-01-26,DUDLEY,New York,0.2014852761854186,7.6587698973269775,18256
2011-01-26,EVANS,Chicago,0.2266411943732176,7.6587698973269775,10432
2011-01-26,FISHER,Dallas,0.20470007711724605,7.6587698973269775,20212
2011-01-26,HOENIG,Kansas City,0.20745551863712589,7.6587698973269775,5868
2011-01-26,KOCHERLAKOTA,Minneapolis,0.2133146803695477,7.6587698973269775,23472
2011-01-26,LACKER,Richmond,0.230548177399699,7.6587698973269775,17604
2011-01-26,LOCKHART,Atlanta,0.22594997551826582,7.6587698973269775,6846
2011-01-26,PIANALTO,Cleveland,0.26195068771719654,7.6587698973269775,1956
2011-01-26,PLOSSER,Philadelphia,0.1843511870431774,7.6587698973269775,11736
2011-01-26,ROSENGREN,Boston,0.20564355000062076,7.6587698973269775,4564
2011-01-26,YELLEN,San Francisco,0.15550195920131965,7.6587698973269775,20538
2011-03-15,BULLARD,St. Louis,0.25708434319556256,8.232608227418813,7680
2011-03-15,DUDLEY,New York,0.1949113889714263,8.232608227418813,8192
2011-03-15,EVANS,Chicago,0.2651669350058632,8.232608227418813,4608
2011-03-15,FISHER,Dallas,0.19800334790517007,8.232608227418813,15360
2011-03-15,HOENIG,Kansas City,0.20289176097704686,8.232608227418813,4608
2011-03-15,KOCHERLAKOTA,Minneapolis,0.18870301149383922,8.232608227418813,14592
2011-03-15,LACKER,Richmond,0.21770330024429302,8.232608227418813,8192
2011-03-15,LOCKHART,Atlanta,0.20176427366640676,8.232608227418813,16896
2011-03-15,PIANALTO,Cleveland,0.30354367386226666,8.232608227418813,1024
2011-03-15,PLOSSER,Philadelphia,0.20142718684242736,8.232608227418813,8704
2011-03-15,ROSENGREN,Boston,0.25992176681204204,8.232608227418813,1536
2011-03-15,WILLIAMS,San Francisco,0.208737576847199,8.232608227418813,4608
2011-03-15,YELLEN,San Francisco,0.1783101486804752,8.232608227418813,19200
2011-04-27,BULLARD,St. Louis,0.2096129222803311,8.377405314695402,7680
2011-04-27,DUDLEY,New York,0.249342934803376,8.377405314695402,3584
2011-04-27,EVANS,Chicago,0.25176690999997114,8.377405314695402,6656
2011-04-27,FISHER,Dallas,0.21768590836445723,8.377405314695402,6656
2011-04-27,HOENIG,Kansas City,0.2303825843500358,8.377405314695402,6656
2011-04-27,KOCHERLAKOTA,Minneapolis,0.22133374300520536,8.377405314695402,16896
2011-04-27,LACKER,Richmond,0.21363487559263838,8.377405314695402,16896
2011-04-27,LOCKHART,Atlanta,0.2796542287627246,8.377405314695402,4608
2011-04-27,PIANALTO,Cleveland,0.30057282406987185,8.377405314695402,1536
2011-04-27,PLOSSER,Philadelphia,0.2407104661927353,8.377405314695402,12288
2011-04-27,ROSENGREN,Boston,0.3475258967158417,8.377405314695402,1536
2011-04-27,WILLIAMS,San Francisco,0.26014591757602695,8.377405314695402,3072
2011-04-27,YELLEN,San Francisco,0.32202050165250373,8.377405314695402,3072
2011-06-22,BULLARD,St. Louis,0.2244594184471792,4.529210756589688,12204
2011-06-22,DUDLEY,New York,0.18822253134796488,4.529210756589688,20340
2011-06-22,EVANS,Chicago,0.27054025859094843,4.529210756589688,6102
2011-06-22,FISHER,Dallas,0.18779054665522937,4.529210756589688,19662
2011-06-22,HOENIG,Kansas City,0.19775432169271176,4.529210756589688,6102
2011-06-22,KOCHERLAKOTA,Minneapolis,0.2027174739940835,4.529210756589688,18306
2011-06-22,LACKER,Richmond,0.2245706042360845,4.529210756589688,18306
2011-06-22,LOCKHART,Atlanta,0.27458708022862666,4.529210756589688,6102
2011-06-22,PIANALTO,Cleveland,0.28906895905866653,4.529210756589688,2034
2011-06-22,PLOSSER,Philadelphia,0.22173811881741312,4.529210756589688,13560
2011-06-22,ROSENGREN,Boston,0.2012050370843798,4.529210756589688,6102
2011-06-22,WILLIAMS,San Francisco,0.22523980936378418,4.529210756589688,7119
2011-06-22,YELLEN,San Francisco,0.19714408659336677,4.529210756589688,12204
2011-08-09,BULLARD,St. Louis,0.23430694575416647,4.230443988326406,4950
2011-08-09,DUDLEY,New York,0.2146139539199131,4.230443988326406,6300
2011-08-09,EVANS,Chicago,0.24685103291401927,4.230443988326406,6750
2011-08-09,FISHER,Dallas,0.21299638074894953,4.230443988326406,13050
2011-08-09,HOENIG,Kansas City,0.2359394380362439,4.230443988326406,5400
2011-08-09,KOCHERLAKOTA,Minneapolis,0.2992851740445661,4.230443988326406,7425
2011-08-09,LACKER,Richmond,0.371341850209522,4.230443988326406,1350
2011-08-09,LOCKHART,Atlanta,0.3055570982352727,4.230443988326406,3375
2011-08-09,PIANALTO,Cleveland,0.35327267867415013,4.230443988326406,900
2011-08-09,PLOSSER,Philadelphia,0.23047509802946295,4.230443988326406,8100
2011-08-09,ROSENGREN,Boston,0.33154661868367274,4.230443988326406,2250
2011-08-09,WILLIAMS,San Francisco,0.3712368793728148,4.230443988326406,1350
2011-08-09,YELLEN,San Francisco,0.3329636067845761,4.230443988326406,5400
2011-09-21,BULLARD,St. Louis,0.2271912828119976,8.61034363594445,10688
2011-09-21,DUDLEY,New York,0.20582048240027137,8.61034363594445,20708
2011-09-21,EVANS,Chicago,0.27445814933736357,8.61034363594445,6680
2011-09-21,FISHER,Dallas,0.1917372582239889,8.61034363594445,18036
2011-09-21,GEORGE,Kansas City,0.3716627460569884,8.61034363594445,2004
2011-09-21,KOCHERLAKOTA,Minneapolis,0.2493980727140156,8.61034363594445,22044
2011-09-21,LACKER,Richmond,0.20969309760270052,8.61034363594445,31396
2011-09-21,LOCKHART,Atlanta,0.23759152717541474,8.61034363594445,10020
2011-09-21,PIANALTO,Cleveland,0.2687642496977631,8.61034363594445,4008
2011-09-21,PLOSSER,Philadelphia,0.26408981234272055,8.61034363594445,8684
2011-09-21,ROSENGREN,Boston,0.20793080664418054,8.61034363594445,8016
2011-09-21,WILLIAMS,San Francisco,0.26471023882448047,8.61034363594445,5010
2011-09-21,YELLEN,San Francisco,0.2764163894955272,8.61034363594445,5010
2011-11-02,BULLARD,St. Louis,0.21616622680922343,6.196775710885866,12236
2011-11-02,DUDLEY,New York,0.20829202305005956,6.196775710885866,15428
2011-11-02,EVANS,Chicago,0.269473627742465,6.196775710885866,6384
2011-11-02,FISHER,Dallas,0.2022799711865716,6.196775710885866,10640
2011-11-02,GEORGE,Kansas City,0.3445070635135056,6.196775710885866,1596
2011-11-02,KOCHERLAKOTA,Minneapolis,0.21733221835360403,6.196775710885866,19152
2011-11-02,LACKER,Richmond,0.22112972666816536,6.196775710885866,15960
2011-11-02,LOCKHART,Atlanta,0.2972488400621966,6.196775710885866,6384
2011-11-02,MESTER,Cleveland,0.25278564643850265,6.196775710885866,1064
2011-11-02,PIANALTO,Cleveland,0.27188615404009564,6.196775710885866,3192
2011-11-02,PLOSSER,Philadelphia,0.23072578372076527,6.196775710885866,6916
2011-11-02,ROSENGREN,Boston,0.29251320240919065,6.196775710885866,2128
2011-11-02,WILLIAMS,San Francisco,0.2949899783142592,6.196775710885866,5586
2011-11-02,YELLEN,San Francisco,0.2723792818997678,6.196775710885866,2394
2011-12-13,BULLARD,St. Louis,0.22455093312300511,9.800731204175063,5580
2011-12-13,DUDLEY,New York,0.25338273317836824,9.800731204175063,3348
2011-12-13,EVANS,Chicago,0.2709831054136552,9.800731204175063,1488
2011-12-13,FISHER,Dallas,0.21655311939876823,9.800731204175063,8184
2011-12-13,GEORGE,Kansas City,0.3337026479765647,9.800731204175063,1116
2011-12-13,KOCHERLAKOTA,Minneapolis,0.2117776039263342,9.800731204175063,3906
2011-12-13,LACKER,Richmond,0.18324627285998288,9.800731204175063,4836
2011-12-13,LOCKHART,Atlanta,0.30838247995759155,9.800731204175063,2232
2011-12-13,PIANALTO,Cleveland,0.3265066774098072,9.800731204175063,1116
2011-12-13,PLOSSER,Philadelphia,0.22591654931585542,9.800731204175063,5208
2011-12-13,ROSENGREN,Boston,0.27576185388308944,9.800731204175063,2604
2011-12-13,WILLIAMS,San Francisco,0.3255407934570487,9.800731204175063,1674
2011-12-13,YELLEN,San Francisco,0.3030349984962978,9.800731204175063,1674
2012-01-25,BULLARD,St. Louis,0.24134442328771272,9.031140132689757,19602
2012-01-25,DUDLEY,New York,0.23174786753719173,9.031140132689757,20328
2012-01-25,EVANS,Chicago,0.22005926040988835,9.031140132689757,6534
2012-01-25,FISHER,Dallas,0.23380615592363874,9.031140132689757,10890
2012-01-25,GEORGE,Kansas City,0.37439474620551527,9.031140132689757,1452
2012-01-25,KOCHERLAKOTA,Minneapolis,0.23040471558474496,9.031140132689757,19602
2012-01-25,LACKER,Richmond,0.213408582490743,9.031140132689757,31944
2012-01-25,LOCKHART,Atlanta,0.24354929400433223,9.031140132689757,15246
2012-01-25,PIANALTO,Cleveland,0.3360407044260038,9.031140132689757,4356
2012-01-25,PLOSSER,Philadelphia,0.2411781713891712,9.031140132689757,7986
2012-01-25,ROSENGREN,Boston,0.2473047238834037,9.031140132689757,5082
2012-01-25,WILLIAMS,San Francisco,0.2879437739352862,9.031140132689757,5445
2012-01-25,YELLEN,San Francisco,0.23529637178823462,9.031140132689757,10890
2012-03-13,BULLARD,St. Louis,0.27163370428068645,6.9584363515001675,7290
2012-03-13,DUDLEY,New York,0.2633780987282799,6.9584363515001675,9234
2012-03-13,EVANS,Chicago,0.2966863391739574,6.9584363515001675,6318
2012-03-13,FISHER,Dallas,0.22505085534132416,6.9584363515001675,15552
2012-03-13,GEORGE,Kansas City,0.340202685929565,6.9584363515001675,1458
2012-03-13,KOCHERLAKOTA,Minneapolis,0.220577129953215,6.9584363515001675,13122
2012-03-13,LACKER,Richmond,0.22698939413229277,6.9584363515001675,14580
2012-03-13,LOCKHART,Atlanta,0.2644889833579989,6.9584363515001675,4374
2012-03-13,PIANALTO,Cleveland,0.32425138801997433,6.9584363515001675,1458
2012-03-13,PLOSSER,Philadelphia,0.28163641941351114,6.9584363515001675,4374
2012-03-13,ROSENGREN,Boston,0.3475663725056912,6.9584363515001675,1458
2012-03-13,WILLIAMS,San Francisco,0.2800994474222125,6.9584363515001675,3645
2012-03-13,YELLEN,San Francisco,0.36445390925010906,6.9584363515001675,2187
2012-04-25,BULLARD,St. Louis,0.2362284917523646,7.545999479710393,4986
2012-04-25,DUDLEY,New York,0.2649284883387044,7.545999479710393,17728
2012-04-25,EVANS,Chicago,0.2082501515203523,7.545999479710393,6648
2012-04-25,FISHER,Dallas,0.15942262412676853,7.545999479710393,19944
2012-04-25,GEORGE,Kansas City,0.32243384304805267,7.545999479710393,1662
2012-04-25,KOCHERLAKOTA,Minneapolis,0.23281104596156385,7.545999479710393,18282
2012-04-25,LACKER,Richmond,0.195959334704664,7.545999479710393,21606
2012-04-25,LOCKHART,Atlanta,0.23634498351624003,7.545999479710393,8310
2012-04-25,PIANALTO,Cleveland,0.3592193929004849,7.545999479710393,1108
2012-04-25,PLOSSER,Philadelphia,0.21211160069403684,7.545999479710393,9418
2012-04-25,ROSENGREN,Boston,0.25442724206041706,7.545999479710393,6094
2012-04-25,WILLIAMS,San Francisco,0.2869322636971203,7.545999479710393,4155
2012-04-25,YELLEN,San Francisco,0.2828514710736249,7.545999479710393,4986
2012-06-20,BULLARD,St. Louis,0.21218271228804197,7.668718579805673,5588
2012-06-20,DUDLEY,New York,0.21540849539354465,7.668718579805673,14224
2012-06-20,EVANS,Chicago,0.23171970360771105,7.668718579805673,6604
2012-06-20,FISHER,Dallas,0.20025587490805868,7.668718579805673,11176
2012-06-20,GEORGE,Kansas City,0.3327612938895518,7.668718579805673,1524
2012-06-20,KOCHERLAKOTA,Minneapolis,0.2241090646403379,7.668718579805673,14478
2012-06-20,LACKER,Richmond,0.25428567405773544,7.668718579805673,4572
2012-06-20,LOCKHART,Atlanta,0.2887765038929601,7.668718579805673,6096
2012-06-20,PIANALTO,Cleveland,0.31312406785262137,7.668718579805673,1524
2012-06-20,PLOSSER,Philadelphia,0.23990903553054935,7.668718579805673,2540
2012-06-20,ROSENGREN,Boston,0.2526446308777416,7.668718579805673,3048
2012-06-20,WILLIAMS,San Francisco,0.28098435923810966,7.668718579805673,8382
2012-06-20,YELLEN,San Francisco,0.2881821137973093,7.668718579805673,3810
2012-08-01,BULLARD,St. Louis,0.23513822912111595,8.212726544200933,25664
2012-08-01,DUDLEY,New York,0.2053883181560748,8.212726544200933,19248
2012-08-01,EVANS,Chicago,0.20750367128873218,8.212726544200933,16040
2012-08-01,FISHER,Dallas,0.200033876005596,8.212726544200933,21654
2012-08-01,GEORGE,Kansas City,0.293979233731223,8.212726544200933,3208
2012-08-01,KOCHERLAKOTA,Minneapolis,0.2154623596214053,8.212726544200933,26466
2012-08-01,LACKER,Richmond,0.1966937208983406,8.212726544200933,34486
2012-08-01,LOCKHART,Atlanta,0.2803048449133428,8.212726544200933,8421
2012-08-01,PIANALTO,Cleveland,0.26654145949170793,8.212726544200933,4010
2012-08-01,PLOSSER,Philadelphia,0.21444536931258323,8.212726544200933,17644
2012-08-01,ROSENGREN,Boston,0.22757558533750777,8.212726544200933,4812
2012-08-01,WILLIAMS,San Francisco,0.30073380492105667,8.212726544200933,10827
2012-08-01,YELLEN,San Francisco,0.24279649611524703,8.212726544200933,7218
2012-09-13,BULLARD,St. Louis,0.18039027280052747,7.112531276986331,26944
2012-09-13,DUDLEY,New York,0.21880298843336551,7.112531276986331,46310
2012-09-13,EVANS,Chicago,0.22369338347707415,7.112531276986331,6736
2012-09-13,FISHER,Dallas,0.1965259271811675,7.112531276986331,37048
2012-09-13,GEORGE,Kansas City,0.34988232185655366,7.112531276986331,2526
2012-09-13,KOCHERLAKOTA,Minneapolis,0.2283098754326417,7.112531276986331,10104
2012-09-13,LACKER,Richmond,0.2000563571750872,7.112531276986331,59782
2012-09-13,LOCKHART,Atlanta,0.2542453905754902,7.112531276986331,17682
2012-09-13,PIANALTO,Cleveland,0.33677435934031946,7.112531276986331,4210
2012-09-13,PLOSSER,Philadelphia,0.23988002294691213,7.112531276986331,12630
2012-09-13,ROSENGREN,Boston,0.2934369333088649,7.112531276986331,4210
2012-09-13,WILLIAMS,San Francisco,0.3008788953348181,7.112531276986331,3789
2012-09-13,YELLEN,San Francisco,0.2758501688915169,7.112531276986331,8841
2012-10-24,BULLARD,St. Louis,0.22187245214701296,7.102640950045213,10836
2012-10-24,DUDLEY,New York,0.27495761543083147,7.102640950045213,5676
2012-10-24,EVANS,Chicago,0.23091373153957048,7.102640950045213,12900
2012-10-24,FISHER,Dallas,0.22538518172788713,7.102640950045213,13416
2012-10-24,GEORGE,Kansas City,0.3377361754016222,7.102640950045213,2064
2012-10-24,KOCHERLAKOTA,Minneapolis,0.24895893709755573,7.102640950045213,11610
2012-10-24,LACKER,Richmond,0.25877576123643814,7.102640950045213,12900
2012-10-24,LOCKHART,Atlanta,0.30113495707327326,7.102640950045213,6966
2012-10-24,PIANALTO,Cleveland,0.3039468420876982,7.102640950045213,2064
2012-10-24,PLOSSER,Philadelphia,0.23349310242326968,7.102640950045213,5160
2012-10-24,ROSENGREN,Boston,0.29273817857795426,7.102640950045213,2580
2012-10-24,WILLIAMS,San Francisco,0.23193662641414992,7.102640950045213,6192
2012-10-24,YELLEN,San Francisco,0.2659965437368886,7.102640950045213,4644
2012-12-12,BULLARD,St. Louis,0.2345802215695585,5.990761755544947,6720
2012-12-12,DUDLEY,New York,0.27357485141308463,5.990761755544947,6720
2012-12-12,EVANS,Chicago,0.35643119265748885,5.990761755544947,960
2012-12-12,FISHER,Dallas,0.20353427488672185,5.990761755544947,8160
2012-12-12,GEORGE,Kansas City,0.3379189514279738,5.990761755544947,1440
2012-12-12,KOCHERLAKOTA,Minneapolis,0.22025736058240164,5.990761755544947,10800
2012-12-12,LACKER,Richmond,0.26594311989606356,5.990761755544947,4800
2012-12-12,LOCKHART,Atlanta,0.3091524058027701,5.990761755544947,2160
2012-12-12,PIANALTO,Cleveland,0.31316737729890576,5.990761755544947,1920
2012-12-12,PLOSSER,Philadelphia,0.21987444231470166,5.990761755544947,6240
2012-12-12,ROSENGREN,Boston,0.29111040760825524,5.990761755544947,3360
2012-12-12,WILLIAMS,San Francisco,0.3054639017333508,5.990761755544947,2160
2012-12-12,YELLEN,San Francisco,0.26116877798386395,5.990761755544947,2160
2013-01-30,BULLARD,St. Louis,0.26803581202976606,7.34894931625851,7456
2013-01-30,DUDLEY,New York,0.24879868791652138,7.34894931625851,8388
2013-01-30,EVANS,Chicago,0.279863895799169,7.34894931625851,5126
2013-01-30,FISHER,Dallas,0.2104355661126781,7.34894931625851,6524
2013-01-30,GEORGE,Kansas City,0.31392009563449585,7.34894931625851,1398
2013-01-30,KOCHERLAKOTA,Minneapolis,0.27797341967270783,7.34894931625851,10485
2013-01-30,LACKER,Richmond,0.2670667964283315,7.34894931625851,9320
2013-01-30,LOCKHART,Atlanta,0.28123006312685217,7.34894931625851,2796
2013-01-30,PIANALTO,Cleveland,0.28753265353450813,7.34894931625851,2796
2013-01-30,PLOSSER,Philadelphia,0.20794131452006598,7.34894931625851,6524
2013-01-30,ROSENGREN,Boston,0.3350533794560147,7.34894931625851,1398
2013-01-30,WILLIAMS,San Francisco,0.3210664688210639,7.34894931625851,2097
2013-01-30,YELLEN,San Francisco,0.2320551545411804,7.34894931625851,5592
2013-03-20,BULLARD,St. Louis,0.23034684679227885,8.539607060845569,13432
2013-03-20,DUDLEY,New York,0.20967398957425623,8.539607060845569,11680
2013-03-20,EVANS,Chicago,0.2646973147727697,8.539607060845569,11096
2013-03-20,FISHER,Dallas,0.1901783925814285,8.539607060845569,15184
2013-03-20,GEORGE,Kansas City,0.35368851509338883,8.539607060845569,1752
2013-03-20,KOCHERLAKOTA,Minneapolis,0.22436657718347602,8.539607060845569,26280
2013-03-20,LACKER,Richmond,0.21443036309289382,8.539607060845569,10512
2013-03-20,LOCKHART,Atlanta,0.3470413513289726,8.539607060845569,3504
2013-03-20,PIANALTO,Cleveland,0.3591272268351033,8.539607060845569,1752
2013-03-20,PLOSSER,Philadelphia,0.21523722982985435,8.539607060845569,5840
2013-03-20,ROSENGREN,Boston,0.31741018280653466,8.539607060845569,2920
2013-03-20,WILLIAMS,San Francisco,0.3321278130200921,8.539607060845569,4380
2013-03-20,YELLEN,San Francisco,0.36935930108584947,8.539607060845569,2628
2013-05-01,BULLARD,St. Louis,0.26331122740303375,9.087807132528232,6834
2013-05-01,DUDLEY,New York,0.23762851720796307,9.087807132528232,2814
2013-05-01,EVANS,Chicago,0.3078612860951843,9.087807132528232,8442
2013-05-01,FISHER,Dallas,0.22429578976076983,9.087807132528232,4020
2013-05-01,GEORGE,Kansas City,0.3274577514496888,9.087807132528232,1206
2013-05-01,KOCHERLAKOTA,Minneapolis,0.27960253461369683,9.087807132528232,12663
2013-05-01,LACKER,Richmond,0.2603090805163082,9.087807132528232,4020
2013-05-01,LOCKHART,Atlanta,0.3356178549074873,9.087807132528232,3015
2013-05-01,PIANALTO,Cleveland,0.3024430828604865,9.087807132528232,1206
2013-05-01,PLOSSER,Philadelphia,0.2986772993921148,9.087807132528232,1608
2013-05-01,ROSENGREN,Boston,0.319336557675199,9.087807132528232,2010
2013-05-01,WILLIAMS,San Francisco,0.31038735261919775,9.087807132528232,1809
2013-05-01,YELLEN,San Francisco,0.3289929956429611,9.087807132528232,2412
2013-06-19,BULLARD,St. Louis,0.23579394283358282,8.047181909537729,5226
2013-06-19,DUDLEY,New York,0.22585376770740292,8.047181909537729,6030
2013-06-19,EVANS,Chicago,0.30433401282198713,8.047181909537729,1206
2013-06-19,FISHER,Dallas,0.24887794585724698,8.047181909537729,5628
2013-06-19,GEORGE,Kansas City,0.37335885623095294,8.047181909537729,1206
2013-06-19,KOCHERLAKOTA,Minneapolis,0.20418511696727237,8.047181909537729,15075
2013-06-19,LACKER,Richmond,0.2492022674316132,8.047181909537729,5226
2013-06-19,LOCKHART,Atlanta,0.3150494442400912,8.047181909537729,1206
2013-06-19,PLOSSER,Philadelphia,0.22644565414503054,8.047181909537729,2412
2013-06-19,ROSENGREN,Boston,0.25519883197100335,8.047181909537729,2412
2013-06-19,WILLIAMS,San Francisco,0.2572023358505415,8.047181909537729,3618
2013-06-19,YELLEN,San Francisco,0.29979884109988203,8.047181909537729,4221
2013-07-31,BULLARD,St. Louis,0.2597146332273905,9.427077475251156,3724
2013-07-31,DUDLEY,New York,0.21915669212161465,9.427077475251156,15428
2013-07-31,EVANS,Chicago,0.2314499252745276,9.427077475251156,12236
2013-07-31,FISHER,Dallas,0.2496869622030738,9.427077475251156,15428
2013-07-31,GEORGE,Kansas City,0.3854156542475349,9.427077475251156,1064
2013-07-31,KOCHERLAKOTA,Minneapolis,0.25909532679249603,9.427077475251156,7980
2013-07-31,LACKER,Richmond,0.25784460475245563,9.427077475251156,9576
2013-07-31,LOCKHART,Atlanta,0.315757806958481,9.427077475251156,2394
2013-07-31,PIANALTO,Cleveland,0.3475949962408811,9.427077475251156,1064
2013-07-31,PLOSSER,Philadelphia,0.243619408376627,9.427077475251156,7448
2013-07-31,ROSENGREN,Boston,0.31197537679748827,9.427077475251156,1596
2013-07-31,WILLIAMS,San Francisco,0.23694619803348776,9.427077475251156,6384
2013-07-31,YELLEN,San Francisco,0.30332235104877225,9.427077475251156,6384
2013-09-18,BULLARD,St. Louis,0.22447145641371163,3.2888323021088395,10692
2013-09-18,DUDLEY,New York,0.2692243116302972,3.2888323021088395,6804
2013-09-18,EVANS,Chicago,0.2098661430650343,3.2888323021088395,10692
2013-09-18,FISHER,Dallas,0.19223327038067933,3.2888323021088395,16524
2013-09-18,GEORGE,Kansas City,0.3645152739172795,3.2888323021088395,1458
2013-09-18,KOCHERLAKOTA,Minneapolis,0.21322298328828407,3.2888323021088395,18225
2013-09-18,LACKER,Richmond,0.20810663436833485,3.2888323021088395,6318
2013-09-18,LOCKHART,Atlanta,0.25493237503568417,3.2888323021088395,3645
2013-09-18,PIANALTO,Cleveland,0.3424107684579633,3.2888323021088395,1458
2013-09-18,PLOSSER,Philadelphia,0.2983686479576179,3.2888323021088395,972
2013-09-18,ROSENGREN,Boston,0.3022344671545148,3.2888323021088395,2430
2013-09-18,WILLIAMS,San Francisco,0.28906510075405817,3.2888323021088395,5832
2013-09-18,YELLEN,San Francisco,0.2628818716486628,3.2888323021088395,8748
2013-10-30,BULLARD,St. Louis,0.26853155680620117,8.782941420133875,3618
2013-10-30,DUDLEY,New York,0.22414130184616876,8.782941420133875,3618
2013-10-30,EVANS,Chicago,0.25666964197562253,8.782941420133875,8442
2013-10-30,FISHER,Dallas,0.18931325858470224,8.782941420133875,8040
2013-10-30,GEORGE,Kansas City,0.3744699077164594,8.782941420133875,1206
2013-10-30,KOCHERLAKOTA,Minneapolis,0.2419413313503837,8.782941420133875,8442
2013-10-30,LACKER,Richmond,0.3201125854789551,8.782941420133875,4422
2013-10-30,LOCKHART,Atlanta,0.26147857771439925,8.782941420133875,3015
2013-10-30,PIANALTO,Cleveland,0.3393820903681182,8.782941420133875,1206
2013-10-30,PLOSSER,Philadelphia,0.24914418743777828,8.782941420133875,2412
2013-10-30,ROSENGREN,Boston,0.32256866236701376,8.782941420133875,1608
2013-10-30,WILLIAMS,San Francisco,0.26782349516372533,8.782941420133875,5427
2013-10-30,YELLEN,San Francisco,0.3286724449875558,8.782941420133875,1809
2013-12-18,BULLARD,St. Louis,0.22196381568045612,9.075011083711807,5962
2013-12-18,DUDLEY,New York,0.18322145045395832,9.075011083711807,15176
2013-12-18,EVANS,Chicago,0.23698274013772685,9.075011083711807,13008
2013-12-18,FISHER,Dallas,0.22967739892008487,9.075011083711807,9756
2013-12-18,GEORGE,Kansas City,0.37316573977624035,9.075011083711807,1084
2013-12-18,KOCHERLAKOTA,Minneapolis,0.2465155644076409,9.075011083711807,13821
2013-12-18,LACKER,Richmond,0.19167267472872465,9.075011083711807,17344
2013-12-18,LOCKHART,Atlanta,0.3532972969340463,9.075011083711807,1626
2013-12-18,PIANALTO,Cleveland,0.3723343741436593,9.075011083711807,1084
2013-12-18,PLOSSER,Philadelphia,0.200949379197171,9.075011083711807,13550
2013-12-18,ROSENGREN,Boston,0.3293841897893849,9.075011083711807,2168
2013-12-18,WILLIAMS,San Francisco,0.3720783443377673,9.075011083711807,1626
2013-12-18,YELLEN,San Francisco,0.2794289063333019,9.075011083711807,4065
2014-01-29,BULLARD,St. Louis,0.2755354533579551,11.06750136662213,2412
2014-01-29,DUDLEY,New York,0.1689465187937827,11.06750136662213,9648
2014-01-29,EVANS,Chicago,0.2424208382981311,11.06750136662213,2412
2014-01-29,FISHER,Dallas,0.19371560928449455,11.06750136662213,10452
2014-01-29,GEORGE,Kansas City,0.3659501188958346,11.06750136662213,804
2014-01-29,KOCHERLAKOTA,Minneapolis,0.2602040298518833,11.06750136662213,4824
2014-01-29,LACKER,Richmond,0.2033386495407466,11.06750136662213,5628
2014-01-29,LOCKHART,Atlanta,0.33481305353718355,11.06750136662213,1809
2014-01-29,PIANALTO,Cleveland,0.22636501809918363,11.06750136662213,1206
2014-01-29,PLOSSER,Philadelphia,0.2536227712404113,11.06750136662213,4422
2014-01-29,ROSENGREN,Boston,0.32997041909656,11.06750136662213,1608
2014-01-29,WILLIAMS,San Francisco,0.35505978821483103,11.06750136662213,1206
2014-01-29,YELLEN,San Francisco,0.35627327568290057,11.06750136662213,3015
2014-03-19,BULLARD,St. Louis,0.3605143726839524,8.162021181469251,564
2014-03-19,DUDLEY,New York,0.2367608637777742,8.162021181469251,4230
2014-03-19,EVANS,Chicago,0.23336796526674722,8.162021181469251,3384
2014-03-19,FISHER,Dallas,0.2046745825927187,8.162021181469251,4230
2014-03-19,GEORGE,Kansas City,0.3804050065092435,8.162021181469251,564
2014-03-19,KOCHERLAKOTA,Minneapolis,0.22892889368652605,8.162021181469251,5922
2014-03-19,LACKER,Richmond,0.2498905376665671,8.162021181469251,2538
2014-03-19,LOCKHART,Atlanta,0.3341962747014012,8.162021181469251,1269
2014-03-19,PIANALTO,Cleveland,0.35555241733001786,8.162021181469251,564
2014-03-19,PLOSSER,Philadelphia,0.2170078977089159,8.162021181469251,1974
2014-03-19,ROSENGREN,Boston,0.3332751222197015,8.162021181469251,1692
2014-03-19,WILLIAMS,San Francisco,0.22216285931934854,8.162021181469251,4653
2014-04-30,BULLARD,St. Louis,0.23325729044888574,9.927927818567568,15840
2014-04-30,DUDLEY,New York,0.21699940199349088,9.927927818567568,34056
2014-04-30,EVANS,Chicago,0.20664101757276238,9.927927818567568,15048
2014-04-30,FISHER,Dallas,0.17652704931145433,9.927927818567568,26136
2014-04-30,GEORGE,Kansas City,0.25659596200977813,9.927927818567568,4752
2014-04-30,KOCHERLAKOTA,Minneapolis,0.23279642094072536,9.927927818567568,26136
2014-04-30,LACKER,Richmond,0.1982421125413768,9.927927818567568,44352
2014-04-30,LOCKHART,Atlanta,0.19290527895473222,9.927927818567568,9504
2014-04-30,PIANALTO,Cleveland,0.2840411125099662,9.927927818567568,3168
2014-04-30,PLOSSER,Philadelphia,0.23151856729015113,9.927927818567568,8712
2014-04-30,ROSENGREN,Boston,0.2393974075796552,9.927927818567568,18216
2014-04-30,WILLIAMS,San Francisco,0.3383533887308874,9.927927818567568,3564
2014-06-18,BULLARD,St. Louis,0.2404991726940611,6.928204426661161,17020
2014-06-18,DUDLEY,New York,0.18234133290450227,6.928204426661161,24420
2014-06-18,EVANS,Chicago,0.21384051504687027,6.928204426661161,19240
2014-06-18,FISHER,Dallas,0.20013654260202168,6.928204426661161,15540
2014-06-18,GEORGE,Kansas City,0.23939008352112415,6.928204426661161,5180
2014-06-18,KOCHERLAKOTA,Minneapolis,0.23128578328484528,6.928204426661161,27750
2014-06-18,LACKER,Richmond,0.21310627055874903,6.928204426661161,25160
2014-06-18,LOCKHART,Atlanta,0.27027564992639763,6.928204426661161,5550
2014-06-18,MESTER,Cleveland,0.3201464399610143,6.928204426661161,3700
2014-06-18,PLOSSER,Philadelphia,0.20464567602549014,6.928204426661161,8140
2014-06-18,ROSENGREN,Boston,0.24267655769824653,6.928204426661161,5180
2014-06-18,WILLIAMS,San Francisco,0.20341903657949062,6.928204426661161,8880
2014-07-30,BULLARD,St. Louis,0.256730617105384,8.830993141581489,9750
2014-07-30,DUDLEY,New York,0.23271076012866465,8.830993141581489,18850
2014-07-30,EVANS,Chicago,0.24979091473644743,8.830993141581489,18200
2014-07-30,FISHER,Dallas,0.22108903622224058,8.830993141581489,17550
2014-07-30,GEORGE,Kansas City,0.28226751560167296,8.830993141581489,3250
2014-07-30,KOCHERLAKOTA,Minneapolis,0.21331180780645861,8.830993141581489,25350
2014-07-30,LACKER,Richmond,0.22341241498832487,8.830993141581489,13650
2014-07-30,LOCKHART,Atlanta,0.25021726099394836,8.830993141581489,12675
2014-07-30,MESTER,Cleveland,0.2764530238727611,8.830993141581489,3250
2014-07-30,PLOSSER,Philadelphia,0.21772335001946574,8.830993141581489,5200
2014-07-30,ROSENGREN,Boston,0.26273974419210566,8.830993141581489,7150
2014-07-30,WILLIAMS,San Francisco,0.3074112964810264,8.830993141581489,2925
2014-09-17,BULLARD,St. Louis,0.21472361829408265,8.31934404137277,7420
2014-09-17,DUDLEY,New York,0.18744099457570967,8.31934404137277,16960
2014-09-17,EVANS,Chicago,0.2111428966020404,8.31934404137277,4770
2014-09-17,FISHER,Dallas,0.1836317231379701,8.31934404137277,9540
2014-09-17,GEORGE,Kansas City,0.3727565346838893,8.31934404137277,1060
2014-09-17,KOCHERLAKOTA,Minneapolis,0.2365680284906302,8.31934404137277,18285
2014-09-17,LACKER,Richmond,0.24822389420876276,8.31934404137277,9010
2014-09-17,LOCKHART,Atlanta,0.3299627678558811,8.31934404137277,3975
2014-09-17,MESTER,Cleveland,0.18885572227058156,8.31934404137277,3710
2014-09-17,PLOSSER,Philadelphia,0.29649894292151835,8.31934404137277,4770
2014-09-17,ROSENGREN,Boston,0.371291771190669,8.31934404137277,1060
2014-09-17,WILLIAMS,San Francisco,0.27277910939551553,8.31934404137277,9540
2014-10-29,BULLARD,St. Louis,0.23565634580039865,8.04130071451799,3710
2014-10-29,DUDLEY,New York,0.20072034928524665,8.04130071451799,16430
2014-10-29,EVANS,Chicago,0.24749256700059916,8.04130071451799,5830
2014-10-29,FISHER,Dallas,0.20549163627428427,8.04130071451799,10600
2014-10-29,GEORGE,Kansas City,0.35020475341084467,8.04130071451799,2120
2014-10-29,KOCHERLAKOTA,Minneapolis,0.24514317694267157,8.04130071451799,10335
2014-10-29,LACKER,Richmond,0.20214717320899428,8.04130071451799,11660
2014-10-29,LOCKHART,Atlanta,0.2444605861748111,8.04130071451799,6360
2014-10-29,MESTER,Cleveland,0.24353255100818227,8.04130071451799,3180
2014-10-29,PLOSSER,Philadelphia,0.26127032242456516,8.04130071451799,2650
2014-10-29,ROSENGREN,Boston,0.2524232611928975,8.04130071451799,3180
2014-10-29,WILLIAMS,San Francisco,0.2095346646922836,8.04130071451799,8745
2014-12-17,BULLARD,St. Louis,0.2465555828819917,7.637118309301566,5504
2014-12-17,DUDLEY,New York,0.24763086727776712,7.637118309301566,3440
2014-12-17,EVANS,Chicago,0.25558429465553417,7.637118309301566,5160
2014-12-17,FISHER,Dallas,0.19892251248071177,7.637118309301566,8944
2014-12-17,GEORGE,Kansas City,0.39373337193700664,7.637118309301566,688
2014-12-17,KOCHERLAKOTA,Minneapolis,0.21838253623179507,7.637118309301566,9288
2014-12-17,LACKER,Richmond,0.2413603736456314,7.637118309301566,1376
2014-12-17,LOCKHART,Atlanta,0.3013301149754721,7.637118309301566,1548
2014-12-17,MESTER,Cleveland,0.20148597176094446,7.637118309301566,2408
2014-12-17,PLOSSER,Philadelphia,0.29192556848615686,7.637118309301566,688
2014-12-17,ROSENGREN,Boston,0.32907850698428315,7.637118309301566,1032
2014-12-17,WILLIAMS,San Francisco,0.33613278698244775,7.637118309301566,2064
2015-01-28,BULLARD,St. Louis,0.19949510699723838,11.076870414904196,17822
2015-01-28,DUDLEY,New York,0.1860692534956917,11.076870414904196,32830
2015-01-28,EVANS,Chicago,0.19390955603227394,11.076870414904196,23450
2015-01-28,FISHER,Dallas,0.16581917510341762,11.076870414904196,31892
2015-01-28,GEORGE,Kansas City,0.23068846168305807,11.076870414904196,6566
2015-01-28,KOCHERLAKOTA,Minneapolis,0.219347250220315,11.076870414904196,52059
2015-01-28,LACKER,Richmond,0.1968768934460722,11.076870414904196,64722
2015-01-28,LOCKHART,Atlanta,0.2550981556308549,11.076870414904196,7035
2015-01-28,MESTER,Cleveland,0.24806613845012163,11.076870414904196,7504
2015-01-28,PLOSSER,Philadelphia,0.2133613393390974,11.076870414904196,15008
2015-01-28,ROSENGREN,Boston,0.2103225775840633,11.076870414904196,13132
2015-01-28,WILLIAMS,San Francisco,0.250020826837442,11.076870414904196,25326
2015-03-18,BULLARD,St. Louis,0.24917692463473118,8.444214489122565,4096
2015-03-18,DUDLEY,New York,0.20028651366472894,8.444214489122565,10752
2015-03-18,EVANS,Chicago,0.2310821505183741,8.444214489122565,10240
2015-03-18,GEORGE,Kansas City,0.30134752190809777,8.444214489122565,1536
2015-03-18,KOCHERLAKOTA,Minneapolis,0.20306867631099493,8.444214489122565,13824
2015-03-18,LACKER,Richmond,0.19177493603225146,8.444214489122565,13824
2015-03-18,LOCKHART,Atlanta,0.28330659773605354,8.444214489122565,3072
2015-03-18,MESTER,Cleveland,0.2092935369130176,8.444214489122565,2560
2015-03-18,ROSENGREN,Boston,0.27788864374182515,8.444214489122565,3072
2015-03-18,WILLIAMS,San Francisco,0.20816652777014075,8.444214489122565,8448
2015-04-29,BULLARD,St. Louis,0.23981590059546906,12.0,4360
2015-04-29,DUDLEY,New York,0.2018900709848625,12.0,12208
2015-04-29,EVANS,Chicago,0.19960067846845908,12.0,12208
2015-04-29,GEORGE,Kansas City,0.2634375145914079,12.0,2616
2015-04-29,KOCHERLAKOTA,Minneapolis,0.2365479751734567,12.0,7848
2015-04-29,LACKER,Richmond,0.2177281494012304,12.0,7848
2015-04-29,LOCKHART,Atlanta,0.22523435794476232,12.0,3924
2015-04-29,MESTER,Cleveland,0.28927128751321207,12.0,3924
2015-04-29,ROSENGREN,Boston,0.2368064817855225,12.0,5232
2015-04-29,WILLIAMS,San Francisco,0.19539910503914767,12.0,11118
2015-06-17,BULLARD,St. Louis,0.2546756569683887,8.294680069352202,1440
2015-06-17,DUDLEY,New York,0.2463393646221609,8.294680069352202,7200
2015-06-17,EVANS,Chicago,0.31931038864432854,8.294680069352202,720
2015-06-17,GEORGE,Kansas City,0.3011977869173411,8.294680069352202,1440
2015-06-17,KOCHERLAKOTA,Minneapolis,0.23045963889502574,8.294680069352202,6480
2015-06-17,LACKER,Richmond,0.19275749755474691,8.294680069352202,7920
2015-06-17,LOCKHART,Atlanta,0.3061332828042519,8.294680069352202,1080
2015-06-17,MESTER,Cleveland,0.2609570560038976,8.294680069352202,1080
2015-06-17,ROSENGREN,Boston,0.24564754595634397,8.294680069352202,2160
2015-06-17,WILLIAMS,San Francisco,0.20346547710756366,8.294680069352202,12420
2015-07-29,BULLARD,St. Louis,0.28177813387659717,4.89729802302819,2250
2015-07-29,DUDLEY,New York,0.20192210550601755,4.89729802302819,11250
2015-07-29,EVANS,Chicago,0.2281706175997813,4.89729802302819,7200
2015-07-29,GEORGE,Kansas City,0.3117017240261117,4.89729802302819,1350
2015-07-29,KOCHERLAKOTA,Minneapolis,0.20309568151047416,4.89729802302819,19575
2015-07-29,LACKER,Richmond,0.22954991814488837,4.89729802302819,7650
2015-07-29,LOCKHART,Atlanta,0.26287743357557103,4.89729802302819,4050
2015-07-29,MESTER,Cleveland,0.26623572799050904,4.89729802302819,2700
2015-07-29,ROSENGREN,Boston,0.24704820096759814,4.89729802302819,4050
2015-07-29,WILLIAMS,San Francisco,0.22355589958776648,4.89729802302819,8100
2015-09-17,BULLARD,St. Louis,0.2247645760068657,6.799854344920098,7080
2015-09-17,DUDLEY,New York,0.22533391282687068,6.799854344920098,5310
2015-09-17,EVANS,Chicago,0.2270911355835151,6.799854344920098,5664
2015-09-17,GEORGE,Kansas City,0.310999332053128,6.799854344920098,1062
2015-09-17,KOCHERLAKOTA,Minneapolis,0.2159167981903844,6.799854344920098,9027
2015-09-17,LACKER,Richmond,0.19772916457189813,6.799854344920098,4248
2015-09-17,LOCKHART,Atlanta,0.2721282832981063,6.799854344920098,2124
2015-09-17,MESTER,Cleveland,0.2807734478373699,6.799854344920098,1062
2015-09-17,ROSENGREN,Boston,0.2852426782084082,6.799854344920098,2478
2015-09-17,WILLIAMS,San Francisco,0.23344561373578668,6.799854344920098,5841
2015-10-28,BULLARD,St. Louis,0.24246301800764666,8.434083023551237,5080
2015-10-28,DUDLEY,New York,0.2199052127245417,8.434083023551237,17272
2015-10-28,EVANS,Chicago,0.19480630150189393,8.434083023551237,12700
2015-10-28,GEORGE,Kansas City,0.36985235741852046,8.434083023551237,1016
2015-10-28,KOCHERLAKOTA,Minneapolis,0.221534783467096,8.434083023551237,20574
2015-10-28,LACKER,Richmond,0.2657975168145786,8.434083023551237,6096
2015-10-28,LOCKHART,Atlanta,0.19648885736514984,8.434083023551237,10668
2015-10-28,MESTER,Cleveland,0.2156266107704734,8.434083023551237,5588
2015-10-28,ROSENGREN,Boston,0.28331335671734864,8.434083023551237,3556
2015-10-28,WILLIAMS,San Francisco,0.23396725078427055,8.434083023551237,16764
2015-12-16,BULLARD,St. Louis,0.20643330374866303,4.719816877492638,3740
2015-12-16,DUDLEY,New York,0.2527945009714838,4.719816877492638,880
2015-12-16,EVANS,Chicago,0.1862667624863646,4.719816877492638,2640
2015-12-16,GEORGE,Kansas City,0.3569080559249457,4.719816877492638,440
2015-12-16,LACKER,Richmond,0.22926714425232766,4.719816877492638,1760
2015-12-16,LOCKHART,Atlanta,0.3441334595255507,4.719816877492638,660
2015-12-16,MESTER,Cleveland,0.3008019439500423,4.719816877492638,660
2015-12-16,ROSENGREN,Boston,0.3368667481325124,4.719816877492638,440
2015-12-16,WILLIAMS,San Francisco,0.2772747708907448,4.719816877492638,2310
2016-01-27,BULLARD,St. Louis,0.23428121454941472,4.870073034283161,22382
2016-01-27,DUDLEY,New York,0.19823078068065678,4.870073034283161,20938
2016-01-27,EVANS,Chicago,0.18597423492599435,4.870073034283161,26714
2016-01-27,GEORGE,Kansas City,0.284267725491335,4.870073034283161,4332
2016-01-27,KASHKARI,Minneapolis,0.24326556257995763,4.870073034283161,8664
2016-01-27,LACKER,Richmond,0.205434693258652,4.870073034283161,20938
2016-01-27,LOCKHART,Atlanta,0.20156004957371276,4.870073034283161,15162
2016-01-27,MESTER,Cleveland,0.19939871797687447,4.870073034283161,7220
2016-01-27,ROSENGREN,Boston,0.29239782524418184,4.870073034283161,5054
2016-01-27,WILLIAMS,San Francisco,0.21221167553258244,4.870073034283161,20577
2016-03-16,BULLARD,St. Louis,0.2732146866832739,3.627409553821322,5520
2016-03-16,DUDLEY,New York,0.2525471038968398,3.627409553821322,4416
2016-03-16,EVANS,Chicago,0.26992290561367355,3.627409553821322,1932
2016-03-16,GEORGE,Kansas City,0.4031779859345056,3.627409553821322,828
2016-03-16,KASHKARI,Minneapolis,0.403112293486655,3.627409553821322,828
2016-03-16,LACKER,Richmond,0.20074673441081894,3.627409553821322,1932
2016-03-16,LOCKHART,Atlanta,0.3052164953494598,3.627409553821322,1242
2016-03-16,MESTER,Cleveland,0.3487556115293444,3.627409553821322,552
2016-03-16,ROSENGREN,Boston,0.3349403880732579,3.627409553821322,828
2016-03-16,WILLIAMS,San Francisco,0.24588152537683178,3.627409553821322,10350
2016-04-27,BULLARD,St. Louis,0.21159739134401162,3.9048982708055826,4992
2016-04-27,DUDLEY,New York,0.29030525256621653,3.9048982708055826,4368
2016-04-27,EVANS,Chicago,0.29124359948190226,3.9048982708055826,1248
2016-04-27,GEORGE,Kansas City,0.34720159789908417,3.9048982708055826,936
2016-04-27,KASHKARI,Minneapolis,0.3437735541303134,3.9048982708055826,1404
2016-04-27,LACKER,Richmond,0.2642047266386725,3.9048982708055826,3120
2016-04-27,LOCKHART,Atlanta,0.2805976109725627,3.9048982708055826,1872
2016-04-27,MESTER,Cleveland,0.32750484022184384,3.9048982708055826,936
2016-04-27,ROSENGREN,Boston,0.2982325558317967,3.9048982708055826,1560
2016-04-27,WILLIAMS,San Francisco,0.2505481245083072,3.9048982708055826,4680
2016-06-15,BULLARD,St. Louis,0.22858695379841926,4.595249662594461,5256
2016-06-15,DUDLEY,New York,0.2616161978526606,4.595249662594461,6424
2016-06-15,EVANS,Chicago,0.2604058382508929,4.595249662594461,1168
2016-06-15,GEORGE,Kansas City,0.4254026897567251,4.595249662594461,584
2016-06-15,KASHKARI,Minneapolis,0.23192462447865134,4.595249662594461,2628
2016-06-15,LACKER,Richmond,0.28783409203509597,4.595249662594461,2920
2016-06-15,LOCKHART,Atlanta,0.3601503713512956,4.595249662594461,1314
2016-06-15,MESTER,Cleveland,0.35187995755024937,4.595249662594461,584
2016-06-15,ROSENGREN,Boston,0.40728891848855686,4.595249662594461,584
2016-06-15,WILLIAMS,San Francisco,0.2833017243263371,4.595249662594461,2628
2016-07-27,BULLARD,St. Louis,0.23109303176814666,4.778628998133454,3072
2016-07-27,DUDLEY,New York,0.20896753004746493,4.778628998133454,11520
2016-07-27,EVANS,Chicago,0.2587998484356805,4.778628998133454,3456
2016-07-27,GEORGE,Kansas City,0.3366803649430378,4.778628998133454,768
2016-07-27,KASHKARI,Minneapolis,0.26351248271902566,4.778628998133454,2304
2016-07-27,LACKER,Richmond,0.22432716446169454,4.778628998133454,8832
2016-07-27,LOCKHART,Atlanta,0.3216189946034388,4.778628998133454,1728
2016-07-27,MESTER,Cleveland,0.3198227862838922,4.778628998133454,1536
2016-07-27,ROSENGREN,Boston,0.25845934581014035,4.778628998133454,3840
2016-07-27,WILLIAMS,San Francisco,0.2700371877051661,4.778628998133454,6336
2016-09-21,BULLARD,St. Louis,0.25163855451080686,6.266447262007271,2142
2016-09-21,DUDLEY,New York,0.23424387403826896,6.266447262007271,3808
2016-09-21,EVANS,Chicago,0.3476564296533791,6.266447262007271,1428
2016-09-21,GEORGE,Kansas City,0.30338718300295703,6.266447262007271,1190
2016-09-21,KASHKARI,Minneapolis,0.3606690838557226,6.266447262007271,714
2016-09-21,LACKER,Richmond,0.2949822835034535,6.266447262007271,1190
2016-09-21,LOCKHART,Atlanta,0.2898144137483315,6.266447262007271,1428
2016-09-21,MESTER,Cleveland,0.34103002472271426,6.266447262007271,476
2016-09-21,ROSENGREN,Boston,0.23586340184884969,6.266447262007271,1904
2016-09-21,WILLIAMS,San Francisco,0.3448030547781774,6.266447262007271,4284
2016-11-02,BULLARD,St. Louis,0.31443996955393916,2.2514973467055333,1008
2016-11-02,DUDLEY,New York,0.21484480356001598,2.2514973467055333,4032
2016-11-02,EVANS,Chicago,0.24207754969091339,2.2514973467055333,3360
2016-11-02,GEORGE,Kansas City,0.36325529994078476,2.2514973467055333,1008
2016-11-02,KASHKARI,Minneapolis,0.31796910668058737,2.2514973467055333,2016
2016-11-02,LACKER,Richmond,0.2176807785285958,2.2514973467055333,8400
2016-11-02,LOCKHART,Atlanta,0.2651409808278765,2.2514973467055333,2016
2016-11-02,MESTER,Cleveland,0.3174908337952981,2.2514973467055333,1344
2016-11-02,ROSENGREN,Boston,0.2838841950544514,2.2514973467055333,2688
2016-11-02,WILLIAMS,San Francisco,0.25433607247395873,2.2514973467055333,5040
2016-12-14,BULLARD,St. Louis,0.21491266741637416,5.073972615723785,11100
2016-12-14,DUDLEY,New York,0.19277312616723316,5.073972615723785,6290
2016-12-14,EVANS,Chicago,0.31667613742140405,5.073972615723785,1480
2016-12-14,GEORGE,Kansas City,0.38508707760057154,5.073972615723785,740
2016-12-14,KASHKARI,Minneapolis,0.33162944385327353,5.073972615723785,1665
2016-12-14,LACKER,Richmond,0.1799338873084502,5.073972615723785,4440
2016-12-14,LOCKHART,Atlanta,0.3478779099420247,5.073972615723785,2220
2016-12-14,MESTER,Cleveland,0.22160637048468754,5.073972615723785,1850
2016-12-14,ROSENGREN,Boston,0.31213077723481275,5.073972615723785,1480
2016-12-14,WILLIAMS,San Francisco,0.24842942546168978,5.073972615723785,7770
2017-02-01,BULLARD,St. Louis,0.24896373031730878,4.465087412433506,4004
2017-02-01,DUDLEY,New York,0.21196445025511382,4.465087412433506,9464
2017-02-01,EVANS,Chicago,0.23795308646793178,4.465087412433506,2184
2017-02-01,GEORGE,Kansas City,0.35396415410842175,4.465087412433506,728
2017-02-01,KASHKARI,Minneapolis,0.29660030812649907,4.465087412433506,4914
2017-02-01,LACKER,Richmond,0.20050583267118047,4.465087412433506,6916
2017-02-01,MESTER,Cleveland,0.25084190998272105,4.465087412433506,1456
2017-02-01,ROSENGREN,Boston,0.31970165354070085,4.465087412433506,1456
2017-02-01,WILLIAMS,San Francisco,0.3274559493361902,4.465087412433506,1638
2017-03-15,BULLARD,St. Louis,0.2601288719400619,5.6133181968580566,3200
2017-03-15,DUDLEY,New York,0.20559822515474532,5.6133181968580566,6720
2017-03-15,EVANS,Chicago,0.20657298755868567,5.6133181968580566,5440
2017-03-15,GEORGE,Kansas City,0.29481875038410965,5.6133181968580566,960
2017-03-15,KASHKARI,Minneapolis,0.2666845653396853,5.6133181968580566,2400
2017-03-15,LACKER,Richmond,0.18714576633850366,5.6133181968580566,3840
2017-03-15,MESTER,Cleveland,0.2948333795131529,5.6133181968580566,960
2017-03-15,ROSENGREN,Boston,0.24940735170084252,5.6133181968580566,1920
2017-03-15,WILLIAMS,San Francisco,0.23842488731041991,5.6133181968580566,4800
2017-05-03,BULLARD,St. Louis,0.24171615763017007,4.18539338748449,4004
2017-05-03,DUDLEY,New York,0.24800044368604018,4.18539338748449,3388
2017-05-03,EVANS,Chicago,0.26790226864622796,4.18539338748449,2772
2017-05-03,GEORGE,Kansas City,0.2976732107998285,4.18539338748449,1232
2017-05-03,KASHKARI,Minneapolis,0.2754116179831912,4.18539338748449,6468
2017-05-03,MESTER,Cleveland,0.2725451415460694,4.18539338748449,1540
2017-05-03,ROSENGREN,Boston,0.28160337780049544,4.18539338748449,2464
2017-05-03,WILLIAMS,San Francisco,0.25280298215051156,4.18539338748449,2772
2017-06-14,BULLARD,St. Louis,0.2709323777162915,3.1482204821127975,3140
2017-06-14,DUDLEY,New York,0.2178201455879374,3.1482204821127975,5652
2017-06-14,EVANS,Chicago,0.27365582999879706,3.1482204821127975,3768
2017-06-14,GEORGE,Kansas City,0.2616691455092589,3.1482204821127975,1884
2017-06-14,KASHKARI,Minneapolis,0.27352664928073717,3.1482204821127975,3297
2017-06-14,MESTER,Cleveland,0.2156019340266277,3.1482204821127975,2198
2017-06-14,ROSENGREN,Boston,0.3020983228667071,3.1482204821127975,1884
2017-06-14,WILLIAMS,San Francisco,0.20623795641527698,3.1482204821127975,4239
2017-07-26,BULLARD,St. Louis,0.31171654022281536,4.758347638683822,960
2017-07-26,DUDLEY,New York,0.2199759051480363,4.758347638683822,960
2017-07-26,EVANS,Chicago,0.3223830021851334,4.758347638683822,320
2017-07-26,GEORGE,Kansas City,0.3424473018821229,4.758347638683822,480
2017-07-26,KASHKARI,Minneapolis,0.27989238578226133,4.758347638683822,1920
2017-07-26,MESTER,Cleveland,0.3302102397048856,4.758347638683822,320
2017-07-26,ROSENGREN,Boston,0.28485329261782827,4.758347638683822,800
2017-07-26,WILLIAMS,San Francisco,0.3480726395780447,4.758347638683822,480
2017-09-20,BULLARD,St. Louis,0.243650493991842,4.2005944681943745,3380
2017-09-20,DUDLEY,New York,0.24730593824821323,4.2005944681943745,3900
2017-09-20,EVANS,Chicago,0.20673710044224228,4.2005944681943745,4940
2017-09-20,GEORGE,Kansas City,0.36689491181559375,4.2005944681943745,780
2017-09-20,KASHKARI,Minneapolis,0.2766051050867771,4.2005944681943745,2340
2017-09-20,MESTER,Cleveland,0.22611426367035192,4.2005944681943745,1560
2017-09-20,ROSENGREN,Boston,0.3861594409433222,4.2005944681943745,780
2017-09-20,WILLIAMS,San Francisco,0.26133740887943785,4.2005944681943745,1560
2017-11-01,BULLARD,St. Louis,0.2595196317166535,4.74028734032157,1640
2017-11-01,DUDLEY,New York,0.2581704863428075,4.74028734032157,656
2017-11-01,EVANS,Chicago,0.3322428157127167,4.74028734032157,328
2017-11-01,GEORGE,Kansas City,0.37878703186066726,4.74028734032157,328
2017-11-01,KASHKARI,Minneapolis,0.32151966684570416,4.74028734032157,1476
2017-11-01,MESTER,Cleveland,0.1998277218585399,4.74028734032157,656
2017-11-01,ROSENGREN,Boston,0.3378718311114296,4.74028734032157,820
2017-11-01,WILLIAMS,San Francisco,0.3243063427045795,4.74028734032157,738
2017-12-13,BULLARD,St. Louis,0.18785248983416497,4.872108253013052,5720
2017-12-13,DUDLEY,New York,0.2484949401187201,4.872108253013052,6578
2017-12-13,EVANS,Chicago,0.30018239179346257,4.872108253013052,2002
2017-12-13,GEORGE,Kansas City,0.3169538930218365,4.872108253013052,1144
2017-12-13,KASHKARI,Minneapolis,0.27733778224380645,4.872108253013052,3432
2017-12-13,MESTER,Cleveland,0.34545223547524495,4.872108253013052,572
2017-12-13,ROSENGREN,Boston,0.3998219082430959,4.872108253013052,572
2017-12-13,WILLIAMS,San Francisco,0.2429086317575974,4.872108253013052,4719
