date,speaker,district,disagreement_score,unemployment_rate,num_turns,year,era
2006-01-31,FISHER,Dallas,0.2649302644437734,3.2412605135768855,684,2006,Pre-Crisis
2006-01-31,GEITHNER,New York,0.28513930890598205,3.2412605135768855,1140,2006,Pre-Crisis
2006-01-31,GUYNN,Atlanta,0.3154699847620664,3.2412605135768855,684,2006,Pre-Crisis
2006-01-31,HOENIG,Kansas City,0.3593916273449195,3.2412605135768855,456,2006,Pre-Crisis
2006-01-31,LACKER,Richmond,0.30388496676737964,3.2412605135768855,912,2006,Pre-Crisis
2006-01-31,MINEHAN,Boston,0.2917556426231799,3.2412605135768855,1596,2006,Pre-Crisis
2006-01-31,MOSKOW,Chicago,0.2793597496322279,3.2412605135768855,456,2006,Pre-Crisis
2006-01-31,PIANALTO,Cleveland,0.29836857835822445,3.2412605135768855,456,2006,Pre-Crisis
2006-01-31,POOLE,St. Louis,0.29818535213417174,3.2412605135768855,684,2006,Pre-Crisis
2006-01-31,SANTOMERO,Philadelphia,0.2821173667599889,3.2412605135768855,684,2006,Pre-Crisis
2006-01-31,STERN,Minneapolis,0.3453222275740436,3.2412605135768855,684,2006,Pre-Crisis
2006-01-31,YELLEN,San Francisco,0.33044637334678173,3.2412605135768855,684,2006,Pre-Crisis
2006-03-28,FISHER,Dallas,0.2755782580098185,5.414898033587189,5852,2006,Pre-Crisis
2006-03-28,GEITHNER,New York,0.2804748971689001,5.414898033587189,2926,2006,Pre-Crisis
2006-03-28,GUYNN,Atlanta,0.29511117910094936,5.414898033587189,3135,2006,Pre-Crisis
2006-03-28,HOENIG,Kansas City,0.27222308758844693,5.414898033587189,1672,2006,Pre-Crisis
2006-03-28,LACKER,Richmond,0.24208293717562,5.414898033587189,6270,2006,Pre-Crisis
2006-03-28,MINEHAN,Boston,0.23441004264738563,5.414898033587189,5852,2006,Pre-Crisis
2006-03-28,MOSKOW,Chicago,0.24149070395753217,5.414898033587189,5016,2006,Pre-Crisis
2006-03-28,PIANALTO,Cleveland,0.27003227711253974,5.414898033587189,2926,2006,Pre-Crisis
2006-03-28,POOLE,St. Louis,0.26868792227408267,5.414898033587189,5016,2006,Pre-Crisis
2006-03-28,STERN,Minneapolis,0.2846682261525512,5.414898033587189,3135,2006,Pre-Crisis
2006-03-28,YELLEN,San Francisco,0.26732188662980744,5.414898033587189,5643,2006,Pre-Crisis
2006-05-10,FISHER,Dallas,0.2268885453536515,3.1338339668329223,3672,2006,Pre-Crisis
2006-05-10,GEITHNER,New York,0.28091588521735317,3.1338339668329223,1530,2006,Pre-Crisis
2006-05-10,GUYNN,Atlanta,0.3021366220600513,3.1338339668329223,918,2006,Pre-Crisis
2006-05-10,HOENIG,Kansas City,0.2537874606474282,3.1338339668329223,1836,2006,Pre-Crisis
2006-05-10,LACKER,Richmond,0.251277013990837,3.1338339668329223,3366,2006,Pre-Crisis
2006-05-10,MINEHAN,Boston,0.24787651803914662,3.1338339668329223,3672,2006,Pre-Crisis
2006-05-10,MOSKOW,Chicago,0.25293275137899984,3.1338339668329223,2448,2006,Pre-Crisis
2006-05-10,PIANALTO,Cleveland,0.33290939328835867,3.1338339668329223,918,2006,Pre-Crisis
2006-05-10,POOLE,St. Louis,0.2697543475422645,3.1338339668329223,3060,2006,Pre-Crisis
2006-05-10,STERN,Minneapolis,0.29418936675021484,3.1338339668329223,918,2006,Pre-Crisis
2006-05-10,YELLEN,San Francisco,0.2663178327628949,3.1338339668329223,1836,2006,Pre-Crisis
2006-06-29,FISHER,Dallas,0.2705330659180495,6.011602414373767,4342,2006,Pre-Crisis
2006-06-29,GEITHNER,New York,0.3146073273825661,6.011602414373767,3006,2006,Pre-Crisis
2006-06-29,GUYNN,Atlanta,0.2609857166862305,6.011602414373767,1503,2006,Pre-Crisis
2006-06-29,HOENIG,Kansas City,0.3046337529604348,6.011602414373767,1002,2006,Pre-Crisis
2006-06-29,LACKER,Richmond,0.27919013623530603,6.011602414373767,4342,2006,Pre-Crisis
2006-06-29,MINEHAN,Boston,0.258972867670781,6.011602414373767,5344,2006,Pre-Crisis
2006-06-29,MOSKOW,Chicago,0.2492892324829183,6.011602414373767,3006,2006,Pre-Crisis
2006-06-29,PIANALTO,Cleveland,0.30272470122216927,6.011602414373767,1002,2006,Pre-Crisis
2006-06-29,POOLE,St. Louis,0.23859267457208674,6.011602414373767,3006,2006,Pre-Crisis
2006-06-29,STERN,Minneapolis,0.3188124983731825,6.011602414373767,1002,2006,Pre-Crisis
2006-06-29,YELLEN,San Francisco,0.2906344583194331,6.011602414373767,2004,2006,Pre-Crisis
2006-08-08,FISHER,Dallas,0.2623168978762638,5.389865454534941,1392,2006,Pre-Crisis
2006-08-08,GEITHNER,New York,0.2737939197810745,5.389865454534941,1856,2006,Pre-Crisis
2006-08-08,GUYNN,Atlanta,0.31142882612086636,5.389865454534941,1044,2006,Pre-Crisis
2006-08-08,HOENIG,Kansas City,0.31541424629997566,5.389865454534941,696,2006,Pre-Crisis
2006-08-08,LACKER,Richmond,0.30056086713911456,5.389865454534941,928,2006,Pre-Crisis
2006-08-08,MINEHAN,Boston,0.25925846623725424,5.389865454534941,2088,2006,Pre-Crisis
2006-08-08,MOSKOW,Chicago,0.2856548737785888,5.389865454534941,1856,2006,Pre-Crisis
2006-08-08,PIANALTO,Cleveland,0.3139322500477477,5.389865454534941,928,2006,Pre-Crisis
2006-08-08,PLOSSER,Philadelphia,0.302175499359335,5.389865454534941,1160,2006,Pre-Crisis
2006-08-08,POOLE,St. Louis,0.2747489212538783,5.389865454534941,1624,2006,Pre-Crisis
2006-08-08,STERN,Minneapolis,0.3061998356245604,5.389865454534941,1044,2006,Pre-Crisis
2006-08-08,YELLEN,San Francisco,0.30261704921941324,5.389865454534941,1392,2006,Pre-Crisis
2006-09-20,FISHER,Dallas,0.26460799573177685,6.078583577994432,1806,2006,Pre-Crisis
2006-09-20,GEITHNER,New York,0.2657559713652366,6.078583577994432,774,2006,Pre-Crisis
2006-09-20,GUYNN,Atlanta,0.2851480350239884,6.078583577994432,774,2006,Pre-Crisis
2006-09-20,HOENIG,Kansas City,0.28111648644059384,6.078583577994432,516,2006,Pre-Crisis
2006-09-20,LACKER,Richmond,0.21922651540090127,6.078583577994432,4386,2006,Pre-Crisis
2006-09-20,MINEHAN,Boston,0.24280422938429763,6.078583577994432,2580,2006,Pre-Crisis
2006-09-20,MOSKOW,Chicago,0.23361654368652204,6.078583577994432,1806,2006,Pre-Crisis
2006-09-20,PIANALTO,Cleveland,0.30753173275600404,6.078583577994432,516,2006,Pre-Crisis
2006-09-20,PLOSSER,Philadelphia,0.3348462498179804,6.078583577994432,516,2006,Pre-Crisis
2006-09-20,POOLE,St. Louis,0.21703676451529128,6.078583577994432,1806,2006,Pre-Crisis
2006-09-20,STERN,Minneapolis,0.2740774384848091,6.078583577994432,1548,2006,Pre-Crisis
2006-09-20,YELLEN,San Francisco,0.29262224715670315,6.078583577994432,774,2006,Pre-Crisis
2006-10-25,FISHER,Dallas,0.25158989268133364,5.357667190425541,6696,2006,Pre-Crisis
2006-10-25,GEITHNER,New York,0.2817811965384782,5.357667190425541,5580,2006,Pre-Crisis
2006-10-25,HOENIG,Kansas City,0.25417402193184385,5.357667190425541,2976,2006,Pre-Crisis
2006-10-25,LACKER,Richmond,0.33113479823180425,5.357667190425541,2976,2006,Pre-Crisis
2006-10-25,MINEHAN,Boston,0.22882787804832883,5.357667190425541,5580,2006,Pre-Crisis
2006-10-25,MOSKOW,Chicago,0.26206656743875867,5.357667190425541,4464,2006,Pre-Crisis
2006-10-25,PIANALTO,Cleveland,0.28099946445303375,5.357667190425541,1488,2006,Pre-Crisis
2006-10-25,PLOSSER,Philadelphia,0.28750288940091706,5.357667190425541,2604,2006,Pre-Crisis
2006-10-25,POOLE,St. Louis,0.2678241376507102,5.357667190425541,5952,2006,Pre-Crisis
2006-10-25,STERN,Minneapolis,0.32321367888020824,5.357667190425541,2790,2006,Pre-Crisis
2006-10-25,YELLEN,San Francisco,0.28646668061502856,5.357667190425541,3348,2006,Pre-Crisis
2006-12-12,FISHER,Dallas,0.24176109303507642,4.4646649129837765,2072,2006,Pre-Crisis
2006-12-12,GEITHNER,New York,0.254330225826466,4.4646649129837765,4736,2006,Pre-Crisis
2006-12-12,HOENIG,Kansas City,0.2765088220045593,4.4646649129837765,1776,2006,Pre-Crisis
2006-12-12,LACKER,Richmond,0.22956051876267675,4.4646649129837765,2368,2006,Pre-Crisis
2006-12-12,MINEHAN,Boston,0.267840281026089,4.4646649129837765,3848,2006,Pre-Crisis
2006-12-12,MOSKOW,Chicago,0.2643616300667824,4.4646649129837765,1184,2006,Pre-Crisis
2006-12-12,PIANALTO,Cleveland,0.2569319681936631,4.4646649129837765,1480,2006,Pre-Crisis
2006-12-12,PLOSSER,Philadelphia,0.2547234017196251,4.4646649129837765,2072,2006,Pre-Crisis
2006-12-12,POOLE,St. Louis,0.2562804916392806,4.4646649129837765,2072,2006,Pre-Crisis
2006-12-12,STERN,Minneapolis,0.2846523812414446,4.4646649129837765,1332,2006,Pre-Crisis
2006-12-12,YELLEN,San Francisco,0.28060657956772334,4.4646649129837765,1776,2006,Pre-Crisis
2007-01-31,DUDLEY,New York,0.19374375581862469,4.465157145475288,4496,2007,Pre-Crisis
2007-01-31,FISHER,Dallas,0.2604292050977849,4.465157145475288,10678,2007,Pre-Crisis
2007-01-31,GEITHNER,New York,0.2898029998960377,4.465157145475288,19108,2007,Pre-Crisis
2007-01-31,HOENIG,Kansas City,0.274192153185824,4.465157145475288,5620,2007,Pre-Crisis
2007-01-31,LACKER,Richmond,0.2868561758702542,4.465157145475288,13488,2007,Pre-Crisis
2007-01-31,MINEHAN,Boston,0.25404516128508275,4.465157145475288,15736,2007,Pre-Crisis
2007-01-31,MOSKOW,Chicago,0.2647641647483471,4.465157145475288,8430,2007,Pre-Crisis
2007-01-31,PIANALTO,Cleveland,0.3431883479933854,4.465157145475288,2248,2007,Pre-Crisis
2007-01-31,PLOSSER,Philadelphia,0.28437177470781116,4.465157145475288,4496,2007,Pre-Crisis
2007-01-31,POOLE,St. Louis,0.2634622732547783,4.465157145475288,7868,2007,Pre-Crisis
2007-01-31,STERN,Minneapolis,0.24862915671127303,4.465157145475288,5058,2007,Pre-Crisis
2007-01-31,YELLEN,San Francisco,0.25285695640587025,4.465157145475288,10959,2007,Pre-Crisis
2007-03-21,DUDLEY,New York,0.20236573109498263,3.965890299706881,5348,2007,Pre-Crisis
2007-03-21,FISHER,Dallas,0.29146995795725505,3.965890299706881,3438,2007,Pre-Crisis
2007-03-21,GEITHNER,New York,0.2628884126435767,3.965890299706881,6112,2007,Pre-Crisis
2007-03-21,HOENIG,Kansas City,0.3241743646899523,3.965890299706881,2292,2007,Pre-Crisis
2007-03-21,LACKER,Richmond,0.23552816392104745,3.965890299706881,6876,2007,Pre-Crisis
2007-03-21,LOCKHART,Atlanta,0.3158761716513321,3.965890299706881,1719,2007,Pre-Crisis
2007-03-21,MINEHAN,Boston,0.2537428606936748,3.965890299706881,5348,2007,Pre-Crisis
2007-03-21,MOSKOW,Chicago,0.2924173510541649,3.965890299706881,4202,2007,Pre-Crisis
2007-03-21,PIANALTO,Cleveland,0.2744090469729972,3.965890299706881,1910,2007,Pre-Crisis
2007-03-21,PLOSSER,Philadelphia,0.3407462126012189,3.965890299706881,1910,2007,Pre-Crisis
2007-03-21,POOLE,St. Louis,0.2536796373103127,3.965890299706881,4966,2007,Pre-Crisis
2007-03-21,STERN,Minneapolis,0.2940129586572607,3.965890299706881,3438,2007,Pre-Crisis
2007-03-21,YELLEN,San Francisco,0.32240994827571695,3.965890299706881,1719,2007,Pre-Crisis
2007-05-09,DUDLEY,New York,0.20127650598158686,5.533261712298875,1032,2007,Pre-Crisis
2007-05-09,FISHER,Dallas,0.2656707233470292,5.533261712298875,3354,2007,Pre-Crisis
2007-05-09,GEITHNER,New York,0.30744500365299765,5.533261712298875,2838,2007,Pre-Crisis
2007-05-09,HOENIG,Kansas City,0.30603119317478844,5.533261712298875,516,2007,Pre-Crisis
2007-05-09,LACKER,Richmond,0.27566999664406483,5.533261712298875,1548,2007,Pre-Crisis
2007-05-09,LOCKHART,Atlanta,0.288757981361145,5.533261712298875,1161,2007,Pre-Crisis
2007-05-09,MINEHAN,Boston,0.29027075870249536,5.533261712298875,3096,2007,Pre-Crisis
2007-05-09,MOSKOW,Chicago,0.2330501561690326,5.533261712298875,2064,2007,Pre-Crisis
2007-05-09,PIANALTO,Cleveland,0.3253964481108584,5.533261712298875,516,2007,Pre-Crisis
2007-05-09,PLOSSER,Philadelphia,0.2546765231177659,5.533261712298875,1548,2007,Pre-Crisis
2007-05-09,POOLE,St. Louis,0.2350227798943593,5.533261712298875,1290,2007,Pre-Crisis
2007-05-09,STERN,Minneapolis,0.2964822407964617,5.533261712298875,3096,2007,Pre-Crisis
2007-05-09,YELLEN,San Francisco,0.3156626416862898,5.533261712298875,774,2007,Pre-Crisis
2007-06-28,DUDLEY,New York,0.2392773559615091,5.061679849847971,2610,2007,Pre-Crisis
2007-06-28,FISHER,Dallas,0.26172648978565183,5.061679849847971,8352,2007,Pre-Crisis
2007-06-28,GEITHNER,New York,0.27478486644245054,5.061679849847971,12528,2007,Pre-Crisis
2007-06-28,HOENIG,Kansas City,0.24066786466332257,5.061679849847971,6786,2007,Pre-Crisis
2007-06-28,LACKER,Richmond,0.2525832384943868,5.061679849847971,9396,2007,Pre-Crisis
2007-06-28,LOCKHART,Atlanta,0.2779867417370374,5.061679849847971,4698,2007,Pre-Crisis
2007-06-28,MINEHAN,Boston,0.24780591687688303,5.061679849847971,12528,2007,Pre-Crisis
2007-06-28,MOSKOW,Chicago,0.280550368173374,5.061679849847971,6264,2007,Pre-Crisis
2007-06-28,PIANALTO,Cleveland,0.2829070375930014,5.061679849847971,3132,2007,Pre-Crisis
2007-06-28,PLOSSER,Philadelphia,0.2760327856001149,5.061679849847971,4698,2007,Pre-Crisis
2007-06-28,POOLE,St. Louis,0.3012691010372894,5.061679849847971,4698,2007,Pre-Crisis
2007-06-28,STERN,Minneapolis,0.3121588933169813,5.061679849847971,4698,2007,Pre-Crisis
2007-06-28,YELLEN,San Francisco,0.31497307332927854,5.061679849847971,3915,2007,Pre-Crisis
2007-08-07,DUDLEY,New York,0.20184341578615103,3.7959130498288034,1694,2007,Pre-Crisis
2007-08-07,FISHER,Dallas,0.26188034152222517,3.7959130498288034,2178,2007,Pre-Crisis
2007-08-07,GEITHNER,New York,0.2729356593686362,3.7959130498288034,968,2007,Pre-Crisis
2007-08-07,HOENIG,Kansas City,0.28825253561166114,3.7959130498288034,726,2007,Pre-Crisis
2007-08-07,LACKER,Richmond,0.23951022182987858,3.7959130498288034,2662,2007,Pre-Crisis
2007-08-07,LOCKHART,Atlanta,0.2954635228291485,3.7959130498288034,1452,2007,Pre-Crisis
2007-08-07,MOSKOW,Chicago,0.2508371260746895,3.7959130498288034,1694,2007,Pre-Crisis
2007-08-07,PIANALTO,Cleveland,0.3068556245474395,3.7959130498288034,484,2007,Pre-Crisis
2007-08-07,PLOSSER,Philadelphia,0.28278613726871404,3.7959130498288034,1694,2007,Pre-Crisis
2007-08-07,POOLE,St. Louis,0.2685877933067877,3.7959130498288034,726,2007,Pre-Crisis
2007-08-07,ROSENGREN,Boston,0.2795377922691844,3.7959130498288034,726,2007,Pre-Crisis
2007-08-07,STERN,Minneapolis,0.28791430342961916,3.7959130498288034,726,2007,Pre-Crisis
2007-08-07,YELLEN,San Francisco,0.31253201473955255,3.7959130498288034,726,2007,Pre-Crisis
2007-09-18,DUDLEY,New York,0.21057330865189308,4.120331636633855,9982,2007,Pre-Crisis
2007-09-18,EVANS,Chicago,0.2625018626700293,4.120331636633855,3038,2007,Pre-Crisis
2007-09-18,FISHER,Dallas,0.2343263064493997,4.120331636633855,9982,2007,Pre-Crisis
2007-09-18,GEITHNER,New York,0.2567024604646721,4.120331636633855,6944,2007,Pre-Crisis
2007-09-18,HOENIG,Kansas City,0.3209074978190504,4.120331636633855,1736,2007,Pre-Crisis
2007-09-18,LACKER,Richmond,0.2431657051292879,4.120331636633855,6076,2007,Pre-Crisis
2007-09-18,LOCKHART,Atlanta,0.3327080726486132,4.120331636633855,1953,2007,Pre-Crisis
2007-09-18,PIANALTO,Cleveland,0.3496793040044998,4.120331636633855,1302,2007,Pre-Crisis
2007-09-18,PLOSSER,Philadelphia,0.28837178866550744,4.120331636633855,4340,2007,Pre-Crisis
2007-09-18,POOLE,St. Louis,0.25855687830880153,4.120331636633855,4774,2007,Pre-Crisis
2007-09-18,ROSENGREN,Boston,0.26427026927832364,4.120331636633855,3472,2007,Pre-Crisis
2007-09-18,STERN,Minneapolis,0.3090902899964497,4.120331636633855,3255,2007,Pre-Crisis
2007-09-18,YELLEN,San Francisco,0.3396122048574515,4.120331636633855,1953,2007,Pre-Crisis
2007-10-31,DUDLEY,New York,0.221856857235915,5.197335400348567,1870,2007,Pre-Crisis
2007-10-31,EVANS,Chicago,0.30759466350676806,5.197335400348567,1496,2007,Pre-Crisis
2007-10-31,FISHER,Dallas,0.2345151326684658,5.197335400348567,5236,2007,Pre-Crisis
2007-10-31,GEITHNER,New York,0.2625860693603998,5.197335400348567,8602,2007,Pre-Crisis
2007-10-31,HOENIG,Kansas City,0.2769138257282274,5.197335400348567,3740,2007,Pre-Crisis
2007-10-31,LACKER,Richmond,0.25376765253316275,5.197335400348567,4488,2007,Pre-Crisis
2007-10-31,LOCKHART,Atlanta,0.2824086577267743,5.197335400348567,3927,2007,Pre-Crisis
2007-10-31,PIANALTO,Cleveland,0.32000788152759363,5.197335400348567,748,2007,Pre-Crisis
2007-10-31,PLOSSER,Philadelphia,0.2527572083482679,5.197335400348567,4488,2007,Pre-Crisis
2007-10-31,POOLE,St. Louis,0.2745567941293051,5.197335400348567,4862,2007,Pre-Crisis
2007-10-31,ROSENGREN,Boston,0.27076733565230476,5.197335400348567,2244,2007,Pre-Crisis
2007-10-31,STERN,Minneapolis,0.2977940968137532,5.197335400348567,2805,2007,Pre-Crisis
2007-10-31,YELLEN,San Francisco,0.29158560792219107,5.197335400348567,1683,2007,Pre-Crisis
2007-12-11,DUDLEY,New York,0.19289569029895642,5.764936764313051,1488,2007,Pre-Crisis
2007-12-11,EVANS,Chicago,0.27865010564972503,5.764936764313051,1240,2007,Pre-Crisis
2007-12-11,FISHER,Dallas,0.22097442710369516,5.764936764313051,2232,2007,Pre-Crisis
2007-12-11,GEITHNER,New York,0.2767097847136962,5.764936764313051,1984,2007,Pre-Crisis
2007-12-11,HOENIG,Kansas City,0.2777558296662057,5.764936764313051,1240,2007,Pre-Crisis
2007-12-11,LACKER,Richmond,0.29114390214548747,5.764936764313051,744,2007,Pre-Crisis
2007-12-11,LOCKHART,Atlanta,0.28556375725760474,5.764936764313051,1116,2007,Pre-Crisis
2007-12-11,PIANALTO,Cleveland,0.3291160327930835,5.764936764313051,496,2007,Pre-Crisis
2007-12-11,PLOSSER,Philadelphia,0.24744672098095538,5.764936764313051,1736,2007,Pre-Crisis
2007-12-11,POOLE,St. Louis,0.26704112106451106,5.764936764313051,2480,2007,Pre-Crisis
2007-12-11,ROSENGREN,Boston,0.310337052100768,5.764936764313051,496,2007,Pre-Crisis
2007-12-11,STERN,Minneapolis,0.2815633818181476,5.764936764313051,1116,2007,Pre-Crisis
2007-12-11,YELLEN,San Francisco,0.2674222469592623,5.764936764313051,2976,2007,Pre-Crisis
2008-01-30,DUDLEY,New York,0.1974531104790738,5.833102935287477,7840,2008,Crisis/ZLB
2008-01-30,EVANS,Chicago,0.25642319200779723,5.833102935287477,5600,2008,Crisis/ZLB
2008-01-30,FISHER,Dallas,0.2887616865644497,5.833102935287477,6160,2008,Crisis/ZLB
2008-01-30,GEITHNER,New York,0.247329159333466,5.833102935287477,14560,2008,Crisis/ZLB
2008-01-30,HOENIG,Kansas City,0.2533902233074282,5.833102935287477,4480,2008,Crisis/ZLB
2008-01-30,LACKER,Richmond,0.24616781963715598,5.833102935287477,15680,2008,Crisis/ZLB
2008-01-30,LOCKHART,Atlanta,0.2608099303392244,5.833102935287477,5040,2008,Crisis/ZLB
2008-01-30,PIANALTO,Cleveland,0.31742899043195616,5.833102935287477,1120,2008,Crisis/ZLB
2008-01-30,PLOSSER,Philadelphia,0.22955364898427366,5.833102935287477,7840,2008,Crisis/ZLB
2008-01-30,POOLE,St. Louis,0.23559810659150712,5.833102935287477,11200,2008,Crisis/ZLB
2008-01-30,ROSENGREN,Boston,0.25046427830066875,5.833102935287477,4480,2008,Crisis/ZLB
2008-01-30,STERN,Minneapolis,0.29268987673666863,5.833102935287477,2520,2008,Crisis/ZLB
2008-01-30,YELLEN,San Francisco,0.2689564078389863,5.833102935287477,8400,2008,Crisis/ZLB
2008-03-18,DUDLEY,New York,0.19660204421995484,4.512732035888973,3146,2008,Crisis/ZLB
2008-03-18,EVANS,Chicago,0.27259398308733196,4.512732035888973,1694,2008,Crisis/ZLB
2008-03-18,FISHER,Dallas,0.2891701229875082,4.512732035888973,4114,2008,Crisis/ZLB
2008-03-18,GEITHNER,New York,0.26873849417230644,4.512732035888973,3872,2008,Crisis/ZLB
2008-03-18,HOENIG,Kansas City,0.33355236829884144,4.512732035888973,968,2008,Crisis/ZLB
2008-03-18,LACKER,Richmond,0.26621145228071963,4.512732035888973,1452,2008,Crisis/ZLB
2008-03-18,LOCKHART,Atlanta,0.33291084326986603,4.512732035888973,1089,2008,Crisis/ZLB
2008-03-18,PIANALTO,Cleveland,0.29981114850143953,4.512732035888973,484,2008,Crisis/ZLB
2008-03-18,PLOSSER,Philadelphia,0.330225135538819,4.512732035888973,968,2008,Crisis/ZLB
2008-03-18,ROSENGREN,Boston,0.2857883711518478,4.512732035888973,726,2008,Crisis/ZLB
2008-03-18,STERN,Minneapolis,0.2796420569883769,4.512732035888973,726,2008,Crisis/ZLB
2008-03-18,YELLEN,San Francisco,0.3093238454408252,4.512732035888973,726,2008,Crisis/ZLB
2008-04-30,BULLARD,St. Louis,0.26946473432244816,5.13015385483669,3456,2008,Crisis/ZLB
2008-04-30,DUDLEY,New York,0.2138490885414915,5.13015385483669,9504,2008,Crisis/ZLB
2008-04-30,EVANS,Chicago,0.2628990212076737,5.13015385483669,3888,2008,Crisis/ZLB
2008-04-30,FISHER,Dallas,0.27959012821833124,5.13015385483669,7344,2008,Crisis/ZLB
2008-04-30,GEITHNER,New York,0.2868704595297944,5.13015385483669,5184,2008,Crisis/ZLB
2008-04-30,HOENIG,Kansas City,0.3081653961977215,5.13015385483669,2592,2008,Crisis/ZLB
2008-04-30,LACKER,Richmond,0.2758098500599205,5.13015385483669,3888,2008,Crisis/ZLB
2008-04-30,LOCKHART,Atlanta,0.28587543039925883,5.13015385483669,2592,2008,Crisis/ZLB
2008-04-30,PIANALTO,Cleveland,0.3195735419815028,5.13015385483669,1296,2008,Crisis/ZLB
2008-04-30,PLOSSER,Philadelphia,0.2726442720087141,5.13015385483669,3888,2008,Crisis/ZLB
2008-04-30,ROSENGREN,Boston,0.2944597245854528,5.13015385483669,1728,2008,Crisis/ZLB
2008-04-30,STERN,Minneapolis,0.26885040522487164,5.13015385483669,5184,2008,Crisis/ZLB
2008-04-30,YELLEN,San Francisco,0.3287122562609102,5.13015385483669,3240,2008,Crisis/ZLB
2008-06-25,BULLARD,St. Louis,0.2561318785604528,6.267651511187974,2472,2008,Crisis/ZLB
2008-06-25,DUDLEY,New York,0.22378559751385602,6.267651511187974,6180,2008,Crisis/ZLB
2008-06-25,EVANS,Chicago,0.2766347606162926,6.267651511187974,2060,2008,Crisis/ZLB
2008-06-25,FISHER,Dallas,0.2542941407659176,6.267651511187974,8240,2008,Crisis/ZLB
2008-06-25,GEITHNER,New York,0.29956781697226337,6.267651511187974,6592,2008,Crisis/ZLB
2008-06-25,HOENIG,Kansas City,0.3040212065089205,6.267651511187974,2060,2008,Crisis/ZLB
2008-06-25,LACKER,Richmond,0.2321817541945729,6.267651511187974,12360,2008,Crisis/ZLB
2008-06-25,LOCKHART,Atlanta,0.3246643045145387,6.267651511187974,1854,2008,Crisis/ZLB
2008-06-25,PIANALTO,Cleveland,0.30008064695625736,6.267651511187974,1236,2008,Crisis/ZLB
2008-06-25,PLOSSER,Philadelphia,0.2822228805036189,6.267651511187974,4944,2008,Crisis/ZLB
2008-06-25,ROSENGREN,Boston,0.229729411924088,6.267651511187974,3296,2008,Crisis/ZLB
2008-06-25,STERN,Minneapolis,0.2957545270690033,6.267651511187974,2472,2008,Crisis/ZLB
2008-06-25,YELLEN,San Francisco,0.3017007801826398,6.267651511187974,1854,2008,Crisis/ZLB
2008-08-05,BULLARD,St. Louis,0.246713677496176,5.4601829811451115,780,2008,Crisis/ZLB
2008-08-05,DUDLEY,New York,0.20910116360485023,5.4601829811451115,3380,2008,Crisis/ZLB
2008-08-05,EVANS,Chicago,0.2766537446667615,5.4601829811451115,2340,2008,Crisis/ZLB
2008-08-05,FISHER,Dallas,0.28517916516865416,5.4601829811451115,2860,2008,Crisis/ZLB
2008-08-05,GEITHNER,New York,0.2670670714032677,5.4601829811451115,1560,2008,Crisis/ZLB
2008-08-05,HOENIG,Kansas City,0.3014642498383495,5.4601829811451115,520,2008,Crisis/ZLB
2008-08-05,LACKER,Richmond,0.251048726991573,5.4601829811451115,2600,2008,Crisis/ZLB
2008-08-05,LOCKHART,Atlanta,0.2654762538404129,5.4601829811451115,1560,2008,Crisis/ZLB
2008-08-05,PIANALTO,Cleveland,0.3174247017063737,5.4601829811451115,520,2008,Crisis/ZLB
2008-08-05,PLOSSER,Philadelphia,0.24004975363569067,5.4601829811451115,2600,2008,Crisis/ZLB
2008-08-05,ROSENGREN,Boston,0.2727468028414073,5.4601829811451115,780,2008,Crisis/ZLB
2008-08-05,STERN,Minneapolis,0.3058468422342677,5.4601829811451115,780,2008,Crisis/ZLB
2008-08-05,YELLEN,San Francisco,0.3184521700121489,5.4601829811451115,780,2008,Crisis/ZLB
2008-09-16,BULLARD,St. Louis,0.2796392388016664,7.418447660096024,284,2008,Crisis/ZLB
2008-09-16,DUDLEY,New York,0.2203622486717878,7.418447660096024,7952,2008,Crisis/ZLB
2008-09-16,EVANS,Chicago,0.33048700505058576,7.418447660096024,1136,2008,Crisis/ZLB
2008-09-16,FISHER,Dallas,0.2684783858103654,7.418447660096024,1988,2008,Crisis/ZLB
2008-09-16,HOENIG,Kansas City,0.29483819696791935,7.418447660096024,852,2008,Crisis/ZLB
2008-09-16,LACKER,Richmond,0.2240072644824958,7.418447660096024,6816,2008,Crisis/ZLB
2008-09-16,LOCKHART,Atlanta,0.3488970545008601,7.418447660096024,426,2008,Crisis/ZLB
2008-09-16,PIANALTO,Cleveland,0.34699317044560146,7.418447660096024,284,2008,Crisis/ZLB
2008-09-16,PLOSSER,Philadelphia,0.2676054068931472,7.418447660096024,3124,2008,Crisis/ZLB
2008-09-16,ROSENGREN,Boston,0.26252346626402157,7.418447660096024,852,2008,Crisis/ZLB
2008-09-16,STERN,Minneapolis,0.30287349523241186,7.418447660096024,1704,2008,Crisis/ZLB
2008-09-16,YELLEN,San Francisco,0.30520390896420496,7.418447660096024,426,2008,Crisis/ZLB
2008-10-29,BULLARD,St. Louis,0.2585057055158994,6.440333592693028,2140,2008,Crisis/ZLB
2008-10-29,DUDLEY,New York,0.23161523550824506,6.440333592693028,4280,2008,Crisis/ZLB
2008-10-29,EVANS,Chicago,0.278632804692042,6.440333592693028,2140,2008,Crisis/ZLB
2008-10-29,FISHER,Dallas,0.27426171600785576,6.440333592693028,7276,2008,Crisis/ZLB
2008-10-29,GEITHNER,New York,0.26950627639531777,6.440333592693028,7704,2008,Crisis/ZLB
2008-10-29,HOENIG,Kansas City,0.2843061221398273,6.440333592693028,1712,2008,Crisis/ZLB
2008-10-29,LACKER,Richmond,0.2403399863862332,6.440333592693028,11128,2008,Crisis/ZLB
2008-10-29,LOCKHART,Atlanta,0.22406755245561827,6.440333592693028,3852,2008,Crisis/ZLB
2008-10-29,PIANALTO,Cleveland,0.33643623778409804,6.440333592693028,1284,2008,Crisis/ZLB
2008-10-29,PLOSSER,Philadelphia,0.27854423480072504,6.440333592693028,8560,2008,Crisis/ZLB
2008-10-29,ROSENGREN,Boston,0.2550336288029107,6.440333592693028,2996,2008,Crisis/ZLB
2008-10-29,STERN,Minneapolis,0.30462893972516175,6.440333592693028,2568,2008,Crisis/ZLB
2008-10-29,YELLEN,San Francisco,0.2811174240201972,6.440333592693028,1284,2008,Crisis/ZLB
2008-12-16,BULLARD,St. Louis,0.22743397009530603,5.064232352849805,12032,2008,Crisis/ZLB
2008-12-16,DUDLEY,New York,0.21316818518731698,5.064232352849805,51136,2008,Crisis/ZLB
2008-12-16,EVANS,Chicago,0.2962899240629786,5.064232352849805,3760,2008,Crisis/ZLB
2008-12-16,FISHER,Dallas,0.23597727913859556,5.064232352849805,24816,2008,Crisis/ZLB
2008-12-16,HOENIG,Kansas City,0.2691426442719712,5.064232352849805,12032,2008,Crisis/ZLB
2008-12-16,LACKER,Richmond,0.2248465058449432,5.064232352849805,60912,2008,Crisis/ZLB
2008-12-16,LOCKHART,Atlanta,0.2877779689626157,5.064232352849805,6768,2008,Crisis/ZLB
2008-12-16,PIANALTO,Cleveland,0.31829096735986845,5.064232352849805,2256,2008,Crisis/ZLB
2008-12-16,PLOSSER,Philadelphia,0.30209535274175325,5.064232352849805,11280,2008,Crisis/ZLB
2008-12-16,ROSENGREN,Boston,0.2668220101849496,5.064232352849805,5264,2008,Crisis/ZLB
2008-12-16,STERN,Minneapolis,0.313645509464624,5.064232352849805,3384,2008,Crisis/ZLB
2008-12-16,YELLEN,San Francisco,0.3310147562394566,5.064232352849805,3384,2008,Crisis/ZLB
2009-01-28,BULLARD,St. Louis,0.24279417820319774,5.101441868756287,15666,2009,Crisis/ZLB
2009-01-28,DUDLEY,New York,0.23247334979703127,5.101441868756287,20142,2009,Crisis/ZLB
2009-01-28,EVANS,Chicago,0.23972237137018437,5.101441868756287,16412,2009,Crisis/ZLB
2009-01-28,FISHER,Dallas,0.269740927582897,5.101441868756287,14174,2009,Crisis/ZLB
2009-01-28,HOENIG,Kansas City,0.282296677091051,5.101441868756287,5968,2009,Crisis/ZLB
2009-01-28,LACKER,Richmond,0.2527082818597931,5.101441868756287,41776,2009,Crisis/ZLB
2009-01-28,LOCKHART,Atlanta,0.23194140962398732,5.101441868756287,11190,2009,Crisis/ZLB
2009-01-28,PIANALTO,Cleveland,0.31949284998714783,5.101441868756287,2984,2009,Crisis/ZLB
2009-01-28,PLOSSER,Philadelphia,0.23684786072989486,5.101441868756287,22380,2009,Crisis/ZLB
2009-01-28,ROSENGREN,Boston,0.2664367450100622,5.101441868756287,9698,2009,Crisis/ZLB
2009-01-28,STERN,Minneapolis,0.2477812653594834,5.101441868756287,8952,2009,Crisis/ZLB
2009-01-28,YELLEN,San Francisco,0.32836322497812914,5.101441868756287,5595,2009,Crisis/ZLB
2009-03-18,BULLARD,St. Louis,0.26286980388485354,10.280744980099088,17600,2009,Crisis/ZLB
2009-03-18,DUDLEY,New York,0.21696654011575597,10.280744980099088,16800,2009,Crisis/ZLB
2009-03-18,EVANS,Chicago,0.2910799620158466,10.280744980099088,13600,2009,Crisis/ZLB
2009-03-18,FISHER,Dallas,0.24367361122941242,10.280744980099088,22400,2009,Crisis/ZLB
2009-03-18,HOENIG,Kansas City,0.24292959764628363,10.280744980099088,8000,2009,Crisis/ZLB
2009-03-18,LACKER,Richmond,0.21986093775066853,10.280744980099088,40000,2009,Crisis/ZLB
2009-03-18,LOCKHART,Atlanta,0.2638886616734551,10.280744980099088,8400,2009,Crisis/ZLB
2009-03-18,PIANALTO,Cleveland,0.2781031378068077,10.280744980099088,5600,2009,Crisis/ZLB
2009-03-18,PLOSSER,Philadelphia,0.25417616359189055,10.280744980099088,23200,2009,Crisis/ZLB
2009-03-18,ROSENGREN,Boston,0.2846598844529771,10.280744980099088,4800,2009,Crisis/ZLB
2009-03-18,STERN,Minneapolis,0.2932416632244181,10.280744980099088,7200,2009,Crisis/ZLB
2009-03-18,YELLEN,San Francisco,0.32331371654351754,10.280744980099088,4800,2009,Crisis/ZLB
2009-04-29,BULLARD,St. Louis,0.31028587769604177,9.105444236277394,2310,2009,Crisis/ZLB
2009-04-29,DUDLEY,New York,0.2550244397646238,9.105444236277394,3696,2009,Crisis/ZLB
2009-04-29,EVANS,Chicago,0.2872903734702705,9.105444236277394,6006,2009,Crisis/ZLB
2009-04-29,FISHER,Dallas,0.25246812429162785,9.105444236277394,10626,2009,Crisis/ZLB
2009-04-29,HOENIG,Kansas City,0.25479933763704254,9.105444236277394,4158,2009,Crisis/ZLB
2009-04-29,LACKER,Richmond,0.2282749514486084,9.105444236277394,12936,2009,Crisis/ZLB
2009-04-29,LOCKHART,Atlanta,0.2898102210361577,9.105444236277394,2772,2009,Crisis/ZLB
2009-04-29,PIANALTO,Cleveland,0.28596065772465423,9.105444236277394,1848,2009,Crisis/ZLB
2009-04-29,PLOSSER,Philadelphia,0.3001781877158656,9.105444236277394,5544,2009,Crisis/ZLB
2009-04-29,ROSENGREN,Boston,0.21949686477125832,9.105444236277394,2772,2009,Crisis/ZLB
2009-04-29,STERN,Minneapolis,0.24230230788424384,9.105444236277394,4158,2009,Crisis/ZLB
2009-04-29,YELLEN,San Francisco,0.2731798660284279,9.105444236277394,3465,2009,Crisis/ZLB
2009-06-24,BULLARD,St. Louis,0.27538667890380286,10.280934122809484,5022,2009,Crisis/ZLB
2009-06-24,DUDLEY,New York,0.2591413395821794,10.280934122809484,8370,2009,Crisis/ZLB
2009-06-24,EVANS,Chicago,0.25841762563915466,10.280934122809484,7254,2009,Crisis/ZLB
2009-06-24,FISHER,Dallas,0.2701064342105803,10.280934122809484,9486,2009,Crisis/ZLB
2009-06-24,HOENIG,Kansas City,0.28579885247264486,10.280934122809484,4464,2009,Crisis/ZLB
2009-06-24,LACKER,Richmond,0.24269501853228045,10.280934122809484,15624,2009,Crisis/ZLB
2009-06-24,LOCKHART,Atlanta,0.2905415784057213,10.280934122809484,5022,2009,Crisis/ZLB
2009-06-24,PIANALTO,Cleveland,0.29231454653508016,10.280934122809484,1674,2009,Crisis/ZLB
2009-06-24,PLOSSER,Philadelphia,0.2760673790873151,10.280934122809484,10602,2009,Crisis/ZLB
2009-06-24,ROSENGREN,Boston,0.284711517627873,10.280934122809484,3348,2009,Crisis/ZLB
2009-06-24,STERN,Minneapolis,0.2667756820039129,10.280934122809484,5022,2009,Crisis/ZLB
2009-06-24,YELLEN,San Francisco,0.33843318994987354,10.280934122809484,2511,2009,Crisis/ZLB
2009-08-12,BULLARD,St. Louis,0.22503758682384756,8.31503051611805,2562,2009,Crisis/ZLB
2009-08-12,DUDLEY,New York,0.2561507594235784,8.31503051611805,3660,2009,Crisis/ZLB
2009-08-12,EVANS,Chicago,0.2696635504441384,8.31503051611805,1830,2009,Crisis/ZLB
2009-08-12,FISHER,Dallas,0.2586511747974278,8.31503051611805,4026,2009,Crisis/ZLB
2009-08-12,HOENIG,Kansas City,0.27775787038611105,8.31503051611805,1464,2009,Crisis/ZLB
2009-08-12,LACKER,Richmond,0.23876746730656395,8.31503051611805,10614,2009,Crisis/ZLB
2009-08-12,LOCKHART,Atlanta,0.27561958228027145,8.31503051611805,1647,2009,Crisis/ZLB
2009-08-12,PIANALTO,Cleveland,0.2945490279961426,8.31503051611805,732,2009,Crisis/ZLB
2009-08-12,PLOSSER,Philadelphia,0.27321756266644437,8.31503051611805,4026,2009,Crisis/ZLB
2009-08-12,ROSENGREN,Boston,0.23043323089974424,8.31503051611805,2196,2009,Crisis/ZLB
2009-08-12,STERN,Minneapolis,0.2345374532589933,8.31503051611805,3294,2009,Crisis/ZLB
2009-08-12,YELLEN,San Francisco,0.2917745178220025,8.31503051611805,1647,2009,Crisis/ZLB
2009-09-23,BULLARD,St. Louis,0.28942544329424674,9.51978716435598,7722,2009,Crisis/ZLB
2009-09-23,DUDLEY,New York,0.24171817005898744,9.51978716435598,8316,2009,Crisis/ZLB
2009-09-23,EVANS,Chicago,0.24224421647678346,9.51978716435598,7128,2009,Crisis/ZLB
2009-09-23,FISHER,Dallas,0.25996560955936326,9.51978716435598,10098,2009,Crisis/ZLB
2009-09-23,HOENIG,Kansas City,0.2945836913165834,9.51978716435598,3564,2009,Crisis/ZLB
2009-09-23,LACKER,Richmond,0.21598757124445894,9.51978716435598,26136,2009,Crisis/ZLB
2009-09-23,LOCKHART,Atlanta,0.2834913980734912,9.51978716435598,5346,2009,Crisis/ZLB
2009-09-23,PIANALTO,Cleveland,0.2706003606017641,9.51978716435598,1188,2009,Crisis/ZLB
2009-09-23,PLOSSER,Philadelphia,0.2501187022972545,9.51978716435598,19602,2009,Crisis/ZLB
2009-09-23,ROSENGREN,Boston,0.2524639974331853,9.51978716435598,3564,2009,Crisis/ZLB
2009-09-23,YELLEN,San Francisco,0.28486315943252377,9.51978716435598,3564,2009,Crisis/ZLB
2009-11-04,BULLARD,St. Louis,0.32468539217624126,9.438856281929976,2680,2009,Crisis/ZLB
2009-11-04,DUDLEY,New York,0.24402857362110839,9.438856281929976,10184,2009,Crisis/ZLB
2009-11-04,EVANS,Chicago,0.23693122842316608,9.438856281929976,5896,2009,Crisis/ZLB
2009-11-04,FISHER,Dallas,0.25612738481129466,9.438856281929976,6968,2009,Crisis/ZLB
2009-11-04,HOENIG,Kansas City,0.307324905209283,9.438856281929976,1608,2009,Crisis/ZLB
2009-11-04,KOCHERLAKOTA,Minneapolis,0.2446922215177967,9.438856281929976,4824,2009,Crisis/ZLB
2009-11-04,LACKER,Richmond,0.2287677256803417,9.438856281929976,20368,2009,Crisis/ZLB
2009-11-04,LOCKHART,Atlanta,0.25606695247120387,9.438856281929976,11256,2009,Crisis/ZLB
2009-11-04,PIANALTO,Cleveland,0.3115401187877408,9.438856281929976,1608,2009,Crisis/ZLB
2009-11-04,PLOSSER,Philadelphia,0.24514925359003603,9.438856281929976,12864,2009,Crisis/ZLB
2009-11-04,ROSENGREN,Boston,0.31457263901418925,9.438856281929976,1608,2009,Crisis/ZLB
2009-11-04,YELLEN,San Francisco,0.28769498315256975,9.438856281929976,4020,2009,Crisis/ZLB
2009-12-16,BULLARD,St. Louis,0.22742478793440066,8.174735271384248,7500,2009,Crisis/ZLB
2009-12-16,DUDLEY,New York,0.2289801684244776,8.174735271384248,4500,2009,Crisis/ZLB
2009-12-16,EVANS,Chicago,0.2350382731990933,8.174735271384248,8000,2009,Crisis/ZLB
2009-12-16,FISHER,Dallas,0.26504544912334255,8.174735271384248,5500,2009,Crisis/ZLB
2009-12-16,HOENIG,Kansas City,0.3023907171439519,8.174735271384248,5000,2009,Crisis/ZLB
2009-12-16,KOCHERLAKOTA,Minneapolis,0.24165284810989487,8.174735271384248,10500,2009,Crisis/ZLB
2009-12-16,LACKER,Richmond,0.24868233849426058,8.174735271384248,11000,2009,Crisis/ZLB
2009-12-16,LOCKHART,Atlanta,0.2569820271825965,8.174735271384248,6000,2009,Crisis/ZLB
2009-12-16,PIANALTO,Cleveland,0.2663167473352001,8.174735271384248,2000,2009,Crisis/ZLB
2009-12-16,PLOSSER,Philadelphia,0.28824840425197595,8.174735271384248,8500,2009,Crisis/ZLB
2009-12-16,ROSENGREN,Boston,0.2464755085506541,8.174735271384248,3500,2009,Crisis/ZLB
2009-12-16,YELLEN,San Francisco,0.2699340359165253,8.174735271384248,3000,2009,Crisis/ZLB
2010-01-27,BULLARD,St. Louis,0.25629407324652187,7.006034909257958,9690,2010,Crisis/ZLB
2010-01-27,DUDLEY,New York,0.24196090045240493,7.006034909257958,7980,2010,Crisis/ZLB
2010-01-27,EVANS,Chicago,0.2993263528160003,7.006034909257958,3420,2010,Crisis/ZLB
2010-01-27,FISHER,Dallas,0.24284473927011732,7.006034909257958,10260,2010,Crisis/ZLB
2010-01-27,HOENIG,Kansas City,0.2874812443003778,7.006034909257958,1710,2010,Crisis/ZLB
2010-01-27,KOCHERLAKOTA,Minneapolis,0.25915757742029344,7.006034909257958,11970,2010,Crisis/ZLB
2010-01-27,LACKER,Richmond,0.28725898959874097,7.006034909257958,15960,2010,Crisis/ZLB
2010-01-27,LOCKHART,Atlanta,0.2935408917716494,7.006034909257958,6840,2010,Crisis/ZLB
2010-01-27,PIANALTO,Cleveland,0.3212946579666532,7.006034909257958,1710,2010,Crisis/ZLB
2010-01-27,PLOSSER,Philadelphia,0.2513623129130879,7.006034909257958,10260,2010,Crisis/ZLB
2010-01-27,ROSENGREN,Boston,0.25483064593499977,7.006034909257958,3990,2010,Crisis/ZLB
2010-01-27,YELLEN,San Francisco,0.29400234460354646,7.006034909257958,4275,2010,Crisis/ZLB
2010-03-16,BULLARD,St. Louis,0.2878500612324514,8.119872895610056,1200,2010,Crisis/ZLB
2010-03-16,DUDLEY,New York,0.2779402230076909,8.119872895610056,720,2010,Crisis/ZLB
2010-03-16,EVANS,Chicago,0.2575965346009262,8.119872895610056,1440,2010,Crisis/ZLB
2010-03-16,FISHER,Dallas,0.30937066226894366,8.119872895610056,2160,2010,Crisis/ZLB
2010-03-16,HOENIG,Kansas City,0.2933788569291318,8.119872895610056,960,2010,Crisis/ZLB
2010-03-16,KOCHERLAKOTA,Minneapolis,0.3139710839628457,8.119872895610056,2160,2010,Crisis/ZLB
2010-03-16,LACKER,Richmond,0.29080333452197077,8.119872895610056,2640,2010,Crisis/ZLB
2010-03-16,LOCKHART,Atlanta,0.24723280236553782,8.119872895610056,1440,2010,Crisis/ZLB
2010-03-16,PIANALTO,Cleveland,0.30166740414125076,8.119872895610056,480,2010,Crisis/ZLB
2010-03-16,PLOSSER,Philadelphia,0.3460922151035228,8.119872895610056,720,2010,Crisis/ZLB
2010-03-16,ROSENGREN,Boston,0.27457391514049273,8.119872895610056,480,2010,Crisis/ZLB
2010-03-16,YELLEN,San Francisco,0.32942254670930843,8.119872895610056,1080,2010,Crisis/ZLB
2010-04-28,BULLARD,St. Louis,0.32018694245503704,9.52958232226081,1600,2010,Crisis/ZLB
2010-04-28,DUDLEY,New York,0.20296981730933975,9.52958232226081,4160,2010,Crisis/ZLB
2010-04-28,EVANS,Chicago,0.2753096539655128,9.52958232226081,2240,2010,Crisis/ZLB
2010-04-28,HOENIG,Kansas City,0.2862322636188408,9.52958232226081,2240,2010,Crisis/ZLB
2010-04-28,KOCHERLAKOTA,Minneapolis,0.23830495793321305,9.52958232226081,2880,2010,Crisis/ZLB
2010-04-28,LACKER,Richmond,0.25507819108075414,9.52958232226081,3840,2010,Crisis/ZLB
2010-04-28,LOCKHART,Atlanta,0.277437307804027,9.52958232226081,2400,2010,Crisis/ZLB
2010-04-28,PIANALTO,Cleveland,0.32180548434740447,9.52958232226081,960,2010,Crisis/ZLB
2010-04-28,PLOSSER,Philadelphia,0.3201866097771165,9.52958232226081,1280,2010,Crisis/ZLB
2010-04-28,ROSENGREN,Boston,0.27034191191972234,9.52958232226081,2240,2010,Crisis/ZLB
2010-04-28,YELLEN,San Francisco,0.31964637421502484,9.52958232226081,1440,2010,Crisis/ZLB
2010-06-23,BULLARD,St. Louis,0.2860404081293944,7.486634305667936,2170,2010,Crisis/ZLB
2010-06-23,DUDLEY,New York,0.2553036777331397,7.486634305667936,5642,2010,Crisis/ZLB
2010-06-23,EVANS,Chicago,0.2931895451079465,7.486634305667936,2604,2010,Crisis/ZLB
2010-06-23,FISHER,Dallas,0.255679972210925,7.486634305667936,10416,2010,Crisis/ZLB
2010-06-23,HOENIG,Kansas City,0.26465627507019734,7.486634305667936,2604,2010,Crisis/ZLB
2010-06-23,KOCHERLAKOTA,Minneapolis,0.30424952333510263,7.486634305667936,5859,2010,Crisis/ZLB
2010-06-23,LACKER,Richmond,0.22560325115454835,7.486634305667936,10850,2010,Crisis/ZLB
2010-06-23,LOCKHART,Atlanta,0.2857710750119409,7.486634305667936,4557,2010,Crisis/ZLB
2010-06-23,PIANALTO,Cleveland,0.32233800810717567,7.486634305667936,1302,2010,Crisis/ZLB
2010-06-23,PLOSSER,Philadelphia,0.24401065192147622,7.486634305667936,7812,2010,Crisis/ZLB
2010-06-23,ROSENGREN,Boston,0.25356256742886785,7.486634305667936,3038,2010,Crisis/ZLB
2010-06-23,YELLEN,San Francisco,0.2990534013408593,7.486634305667936,2604,2010,Crisis/ZLB
2010-08-10,BULLARD,St. Louis,0.29995669022027044,6.061689791262037,1192,2010,Crisis/ZLB
2010-08-10,DUDLEY,New York,0.24079291956030596,6.061689791262037,2682,2010,Crisis/ZLB
2010-08-10,EVANS,Chicago,0.32915505501829895,6.061689791262037,596,2010,Crisis/ZLB
2010-08-10,FISHER,Dallas,0.24969438009358666,6.061689791262037,4470,2010,Crisis/ZLB
2010-08-10,HOENIG,Kansas City,0.3245332357180735,6.061689791262037,596,2010,Crisis/ZLB
2010-08-10,KOCHERLAKOTA,Minneapolis,0.25739199705055815,6.061689791262037,4917,2010,Crisis/ZLB
2010-08-10,LACKER,Richmond,0.23398467409896515,6.061689791262037,5364,2010,Crisis/ZLB
2010-08-10,LOCKHART,Atlanta,0.296210247489548,6.061689791262037,1788,2010,Crisis/ZLB
2010-08-10,PIANALTO,Cleveland,0.34770713571968587,6.061689791262037,894,2010,Crisis/ZLB
2010-08-10,PLOSSER,Philadelphia,0.38325400525689096,6.061689791262037,894,2010,Crisis/ZLB
2010-08-10,ROSENGREN,Boston,0.27742078209680393,6.061689791262037,894,2010,Crisis/ZLB
2010-08-10,YELLEN,San Francisco,0.3285321262121153,6.061689791262037,894,2010,Crisis/ZLB
2010-09-21,BULLARD,St. Louis,0.30484984506801416,10.8511729101659,2000,2010,Crisis/ZLB
2010-09-21,DUDLEY,New York,0.2957548688121791,10.8511729101659,750,2010,Crisis/ZLB
2010-09-21,EVANS,Chicago,0.3210014180699462,10.8511729101659,1000,2010,Crisis/ZLB
2010-09-21,FISHER,Dallas,0.2457973111447185,10.8511729101659,3250,2010,Crisis/ZLB
2010-09-21,HOENIG,Kansas City,0.3211399488674989,10.8511729101659,500,2010,Crisis/ZLB
2010-09-21,KOCHERLAKOTA,Minneapolis,0.28318560513842184,10.8511729101659,1500,2010,Crisis/ZLB
2010-09-21,LACKER,Richmond,0.25637453216232964,10.8511729101659,2750,2010,Crisis/ZLB
2010-09-21,LOCKHART,Atlanta,0.311726468842466,10.8511729101659,1125,2010,Crisis/ZLB
2010-09-21,PIANALTO,Cleveland,0.32083543071435217,10.8511729101659,500,2010,Crisis/ZLB
2010-09-21,PLOSSER,Philadelphia,0.2858950652394224,10.8511729101659,2250,2010,Crisis/ZLB
2010-09-21,ROSENGREN,Boston,0.29422394239237665,10.8511729101659,750,2010,Crisis/ZLB
2010-09-21,YELLEN,San Francisco,0.31628936128995355,10.8511729101659,1125,2010,Crisis/ZLB
2010-11-03,BULLARD,St. Louis,0.25623093297727106,9.719039915554095,8700,2010,Crisis/ZLB
2010-11-03,DUDLEY,New York,0.2734738748310626,9.719039915554095,6380,2010,Crisis/ZLB
2010-11-03,EVANS,Chicago,0.29235887003789907,9.719039915554095,10440,2010,Crisis/ZLB
2010-11-03,FISHER,Dallas,0.23529565827674345,9.719039915554095,17400,2010,Crisis/ZLB
2010-11-03,HOENIG,Kansas City,0.29490209708899606,9.719039915554095,2320,2010,Crisis/ZLB
2010-11-03,KOCHERLAKOTA,Minneapolis,0.26408849109466453,9.719039915554095,20880,2010,Crisis/ZLB
2010-11-03,LACKER,Richmond,0.2350283351792915,9.719039915554095,22620,2010,Crisis/ZLB
2010-11-03,LOCKHART,Atlanta,0.30090446266815835,9.719039915554095,6960,2010,Crisis/ZLB
2010-11-03,PIANALTO,Cleveland,0.30656941595849985,9.719039915554095,1160,2010,Crisis/ZLB
2010-11-03,PLOSSER,Philadelphia,0.23163680331745568,9.719039915554095,9280,2010,Crisis/ZLB
2010-11-03,ROSENGREN,Boston,0.293083539714055,9.719039915554095,1740,2010,Crisis/ZLB
2010-11-03,YELLEN,San Francisco,0.3043089514689635,9.719039915554095,4350,2010,Crisis/ZLB
2010-12-14,BULLARD,St. Louis,0.2692469202990891,9.552093849118512,1428,2010,Crisis/ZLB
2010-12-14,DUDLEY,New York,0.26472347701962595,9.552093849118512,1666,2010,Crisis/ZLB
2010-12-14,EVANS,Chicago,0.29636498745932904,9.552093849118512,714,2010,Crisis/ZLB
2010-12-14,FISHER,Dallas,0.2802776899101565,9.552093849118512,3094,2010,Crisis/ZLB
2010-12-14,HOENIG,Kansas City,0.2864994330313817,9.552093849118512,476,2010,Crisis/ZLB
2010-12-14,KOCHERLAKOTA,Minneapolis,0.22797911146300176,9.552093849118512,1071,2010,Crisis/ZLB
2010-12-14,LACKER,Richmond,0.24150672477503163,9.552093849118512,1904,2010,Crisis/ZLB
2010-12-14,LOCKHART,Atlanta,0.2822023073426481,9.552093849118512,3213,2010,Crisis/ZLB
2010-12-14,PIANALTO,Cleveland,0.3034187145468882,9.552093849118512,476,2010,Crisis/ZLB
2010-12-14,PLOSSER,Philadelphia,0.30987188698082013,9.552093849118512,714,2010,Crisis/ZLB
2010-12-14,ROSENGREN,Boston,0.24766659538594565,9.552093849118512,952,2010,Crisis/ZLB
2010-12-14,YELLEN,San Francisco,0.30641625771882103,9.552093849118512,714,2010,Crisis/ZLB
2011-01-26,BULLARD,St. Louis,0.2814960988937671,7.6587698973269775,9128,2011,Crisis/ZLB
2011-01-26,DUDLEY,New York,0.2276798070901562,7.6587698973269775,18256,2011,Crisis/ZLB
2011-01-26,EVANS,Chicago,0.25820766078316676,7.6587698973269775,10432,2011,Crisis/ZLB
2011-01-26,FISHER,Dallas,0.24352992936909035,7.6587698973269775,20212,2011,Crisis/ZLB
2011-01-26,HOENIG,Kansas City,0.2483754993199648,7.6587698973269775,5868,2011,Crisis/ZLB
2011-01-26,KOCHERLAKOTA,Minneapolis,0.25458488301948157,7.6587698973269775,23472,2011,Crisis/ZLB
2011-01-26,LACKER,Richmond,0.2507793487494435,7.6587698973269775,17604,2011,Crisis/ZLB
2011-01-26,LOCKHART,Atlanta,0.280002816707642,7.6587698973269775,6846,2011,Crisis/ZLB
2011-01-26,PIANALTO,Cleveland,0.3140287563128307,7.6587698973269775,1956,2011,Crisis/ZLB
2011-01-26,PLOSSER,Philadelphia,0.2544401753935355,7.6587698973269775,11736,2011,Crisis/ZLB
2011-01-26,ROSENGREN,Boston,0.27816604121792754,7.6587698973269775,4564,2011,Crisis/ZLB
2011-01-26,YELLEN,San Francisco,0.28379062355646795,7.6587698973269775,20538,2011,Crisis/ZLB
2011-03-15,BULLARD,St. Louis,0.24002022487626537,8.232608227418813,7680,2011,Crisis/ZLB
2011-03-15,DUDLEY,New York,0.22071735689894098,8.232608227418813,8192,2011,Crisis/ZLB
2011-03-15,EVANS,Chicago,0.2751793659598892,8.232608227418813,4608,2011,Crisis/ZLB
2011-03-15,FISHER,Dallas,0.27129910282645,8.232608227418813,15360,2011,Crisis/ZLB
2011-03-15,HOENIG,Kansas City,0.28990074001822075,8.232608227418813,4608,2011,Crisis/ZLB
2011-03-15,KOCHERLAKOTA,Minneapolis,0.23531197789199004,8.232608227418813,14592,2011,Crisis/ZLB
2011-03-15,LACKER,Richmond,0.27017975017180146,8.232608227418813,8192,2011,Crisis/ZLB
2011-03-15,LOCKHART,Atlanta,0.23256519627592417,8.232608227418813,16896,2011,Crisis/ZLB
2011-03-15,PIANALTO,Cleveland,0.28409337609394403,8.232608227418813,1024,2011,Crisis/ZLB
2011-03-15,PLOSSER,Philadelphia,0.26694143062884385,8.232608227418813,8704,2011,Crisis/ZLB
2011-03-15,ROSENGREN,Boston,0.2630665544659607,8.232608227418813,1536,2011,Crisis/ZLB
2011-03-15,WILLIAMS,San Francisco,0.24456412102168287,8.232608227418813,4608,2011,Crisis/ZLB
2011-03-15,YELLEN,San Francisco,0.26746435220591813,8.232608227418813,19200,2011,Crisis/ZLB
2011-04-27,BULLARD,St. Louis,0.284569309575102,8.377405314695402,7680,2011,Crisis/ZLB
2011-04-27,DUDLEY,New York,0.29969549775813575,8.377405314695402,3584,2011,Crisis/ZLB
2011-04-27,EVANS,Chicago,0.2575246660281351,8.377405314695402,6656,2011,Crisis/ZLB
2011-04-27,FISHER,Dallas,0.28256020851424696,8.377405314695402,6656,2011,Crisis/ZLB
2011-04-27,HOENIG,Kansas City,0.24243234426243307,8.377405314695402,6656,2011,Crisis/ZLB
2011-04-27,KOCHERLAKOTA,Minneapolis,0.26855188344053166,8.377405314695402,16896,2011,Crisis/ZLB
2011-04-27,LACKER,Richmond,0.24300011282239506,8.377405314695402,16896,2011,Crisis/ZLB
2011-04-27,LOCKHART,Atlanta,0.27469109922953894,8.377405314695402,4608,2011,Crisis/ZLB
2011-04-27,PIANALTO,Cleveland,0.3179648884744695,8.377405314695402,1536,2011,Crisis/ZLB
2011-04-27,PLOSSER,Philadelphia,0.24940245560348676,8.377405314695402,12288,2011,Crisis/ZLB
2011-04-27,ROSENGREN,Boston,0.29114308915464826,8.377405314695402,1536,2011,Crisis/ZLB
2011-04-27,WILLIAMS,San Francisco,0.2727864822748731,8.377405314695402,3072,2011,Crisis/ZLB
2011-04-27,YELLEN,San Francisco,0.30370186854124526,8.377405314695402,3072,2011,Crisis/ZLB
2011-06-22,BULLARD,St. Louis,0.2815951918492732,4.529210756589688,12204,2011,Crisis/ZLB
2011-06-22,DUDLEY,New York,0.24911371979259622,4.529210756589688,20340,2011,Crisis/ZLB
2011-06-22,EVANS,Chicago,0.28845170482913074,4.529210756589688,6102,2011,Crisis/ZLB
2011-06-22,FISHER,Dallas,0.28202553922920537,4.529210756589688,19662,2011,Crisis/ZLB
2011-06-22,HOENIG,Kansas City,0.26144093850438543,4.529210756589688,6102,2011,Crisis/ZLB
2011-06-22,KOCHERLAKOTA,Minneapolis,0.2687768924409974,4.529210756589688,18306,2011,Crisis/ZLB
2011-06-22,LACKER,Richmond,0.2751726094733103,4.529210756589688,18306,2011,Crisis/ZLB
2011-06-22,LOCKHART,Atlanta,0.2901507915768366,4.529210756589688,6102,2011,Crisis/ZLB
2011-06-22,PIANALTO,Cleveland,0.33792396427495075,4.529210756589688,2034,2011,Crisis/ZLB
2011-06-22,PLOSSER,Philadelphia,0.28248130977021013,4.529210756589688,13560,2011,Crisis/ZLB
2011-06-22,ROSENGREN,Boston,0.298461225506843,4.529210756589688,6102,2011,Crisis/ZLB
2011-06-22,WILLIAMS,San Francisco,0.3041260991715909,4.529210756589688,7119,2011,Crisis/ZLB
2011-06-22,YELLEN,San Francisco,0.32001548010529773,4.529210756589688,12204,2011,Crisis/ZLB
2011-08-09,BULLARD,St. Louis,0.2884939292517583,4.230443988326406,4950,2011,Crisis/ZLB
2011-08-09,DUDLEY,New York,0.26130445594204876,4.230443988326406,6300,2011,Crisis/ZLB
2011-08-09,EVANS,Chicago,0.2897440616034509,4.230443988326406,6750,2011,Crisis/ZLB
2011-08-09,FISHER,Dallas,0.2576590397228291,4.230443988326406,13050,2011,Crisis/ZLB
2011-08-09,HOENIG,Kansas City,0.249652232574344,4.230443988326406,5400,2011,Crisis/ZLB
2011-08-09,KOCHERLAKOTA,Minneapolis,0.28150081761732904,4.230443988326406,7425,2011,Crisis/ZLB
2011-08-09,LACKER,Richmond,0.2631320992623224,4.230443988326406,1350,2011,Crisis/ZLB
2011-08-09,LOCKHART,Atlanta,0.2549453197089265,4.230443988326406,3375,2011,Crisis/ZLB
2011-08-09,PIANALTO,Cleveland,0.3122339021766691,4.230443988326406,900,2011,Crisis/ZLB
2011-08-09,PLOSSER,Philadelphia,0.25925591433466255,4.230443988326406,8100,2011,Crisis/ZLB
2011-08-09,ROSENGREN,Boston,0.3369880022835112,4.230443988326406,2250,2011,Crisis/ZLB
2011-08-09,WILLIAMS,San Francisco,0.31962353140063254,4.230443988326406,1350,2011,Crisis/ZLB
2011-08-09,YELLEN,San Francisco,0.2537530606209358,4.230443988326406,5400,2011,Crisis/ZLB
2011-09-21,BULLARD,St. Louis,0.2851074939567078,8.61034363594445,10688,2011,Crisis/ZLB
2011-09-21,DUDLEY,New York,0.253949960503911,8.61034363594445,20708,2011,Crisis/ZLB
2011-09-21,EVANS,Chicago,0.2556765463453396,8.61034363594445,6680,2011,Crisis/ZLB
2011-09-21,FISHER,Dallas,0.27048913823560944,8.61034363594445,18036,2011,Crisis/ZLB
2011-09-21,GEORGE,Kansas City,0.2762903276089877,8.61034363594445,2004,2011,Crisis/ZLB
2011-09-21,KOCHERLAKOTA,Minneapolis,0.2762161815950187,8.61034363594445,22044,2011,Crisis/ZLB
2011-09-21,LACKER,Richmond,0.2528565576949699,8.61034363594445,31396,2011,Crisis/ZLB
2011-09-21,LOCKHART,Atlanta,0.2978038761336685,8.61034363594445,10020,2011,Crisis/ZLB
2011-09-21,PIANALTO,Cleveland,0.29895758564138375,8.61034363594445,4008,2011,Crisis/ZLB
2011-09-21,PLOSSER,Philadelphia,0.2718473568333957,8.61034363594445,8684,2011,Crisis/ZLB
2011-09-21,ROSENGREN,Boston,0.24494014957975865,8.61034363594445,8016,2011,Crisis/ZLB
2011-09-21,WILLIAMS,San Francisco,0.2936150357382164,8.61034363594445,5010,2011,Crisis/ZLB
2011-09-21,YELLEN,San Francisco,0.29972944709430377,8.61034363594445,5010,2011,Crisis/ZLB
2011-11-02,BULLARD,St. Louis,0.253715495499233,6.196775710885866,12236,2011,Crisis/ZLB
2011-11-02,DUDLEY,New York,0.23228660178746924,6.196775710885866,15428,2011,Crisis/ZLB
2011-11-02,EVANS,Chicago,0.30028000822113615,6.196775710885866,6384,2011,Crisis/ZLB
2011-11-02,FISHER,Dallas,0.23215901957953103,6.196775710885866,10640,2011,Crisis/ZLB
2011-11-02,GEORGE,Kansas City,0.2961722106865531,6.196775710885866,1596,2011,Crisis/ZLB
2011-11-02,KOCHERLAKOTA,Minneapolis,0.2562728717149644,6.196775710885866,19152,2011,Crisis/ZLB
2011-11-02,LACKER,Richmond,0.24259874959009187,6.196775710885866,15960,2011,Crisis/ZLB
2011-11-02,LOCKHART,Atlanta,0.26753113809015383,6.196775710885866,6384,2011,Crisis/ZLB
2011-11-02,MESTER,Cleveland,0.24863629780818755,6.196775710885866,1064,2011,Crisis/ZLB
2011-11-02,PIANALTO,Cleveland,0.2846290588243967,6.196775710885866,3192,2011,Crisis/ZLB
2011-11-02,PLOSSER,Philadelphia,0.2679154700163041,6.196775710885866,6916,2011,Crisis/ZLB
2011-11-02,ROSENGREN,Boston,0.2985202744056632,6.196775710885866,2128,2011,Crisis/ZLB
2011-11-02,WILLIAMS,San Francisco,0.2653899444740625,6.196775710885866,5586,2011,Crisis/ZLB
2011-11-02,YELLEN,San Francisco,0.30257176068044694,6.196775710885866,2394,2011,Crisis/ZLB
2011-12-13,BULLARD,St. Louis,0.2383030213045512,9.800731204175063,5580,2011,Crisis/ZLB
2011-12-13,DUDLEY,New York,0.25859186222713454,9.800731204175063,3348,2011,Crisis/ZLB
2011-12-13,EVANS,Chicago,0.27002277202878683,9.800731204175063,1488,2011,Crisis/ZLB
2011-12-13,FISHER,Dallas,0.24009711718472843,9.800731204175063,8184,2011,Crisis/ZLB
2011-12-13,GEORGE,Kansas City,0.2765537386575609,9.800731204175063,1116,2011,Crisis/ZLB
2011-12-13,KOCHERLAKOTA,Minneapolis,0.31477238753186787,9.800731204175063,3906,2011,Crisis/ZLB
2011-12-13,LACKER,Richmond,0.26877915714183565,9.800731204175063,4836,2011,Crisis/ZLB
2011-12-13,LOCKHART,Atlanta,0.28791883731003737,9.800731204175063,2232,2011,Crisis/ZLB
2011-12-13,PIANALTO,Cleveland,0.3047706454573983,9.800731204175063,1116,2011,Crisis/ZLB
2011-12-13,PLOSSER,Philadelphia,0.22684530593394023,9.800731204175063,5208,2011,Crisis/ZLB
2011-12-13,ROSENGREN,Boston,0.31910736271747286,9.800731204175063,2604,2011,Crisis/ZLB
2011-12-13,WILLIAMS,San Francisco,0.30953194080612445,9.800731204175063,1674,2011,Crisis/ZLB
2011-12-13,YELLEN,San Francisco,0.31483200745271334,9.800731204175063,1674,2011,Crisis/ZLB
2012-01-25,BULLARD,St. Louis,0.24615267933662363,9.031140132689757,19602,2012,Crisis/ZLB
2012-01-25,DUDLEY,New York,0.25021135370740016,9.031140132689757,20328,2012,Crisis/ZLB
2012-01-25,EVANS,Chicago,0.3028747469777737,9.031140132689757,6534,2012,Crisis/ZLB
2012-01-25,FISHER,Dallas,0.2647649355186421,9.031140132689757,10890,2012,Crisis/ZLB
2012-01-25,GEORGE,Kansas City,0.28770160680240675,9.031140132689757,1452,2012,Crisis/ZLB
2012-01-25,KOCHERLAKOTA,Minneapolis,0.23150015126896342,9.031140132689757,19602,2012,Crisis/ZLB
2012-01-25,LACKER,Richmond,0.24415158690018107,9.031140132689757,31944,2012,Crisis/ZLB
2012-01-25,LOCKHART,Atlanta,0.2577752544544275,9.031140132689757,15246,2012,Crisis/ZLB
2012-01-25,PIANALTO,Cleveland,0.2804126253771674,9.031140132689757,4356,2012,Crisis/ZLB
2012-01-25,PLOSSER,Philadelphia,0.2358804145408802,9.031140132689757,7986,2012,Crisis/ZLB
2012-01-25,ROSENGREN,Boston,0.28482734005581234,9.031140132689757,5082,2012,Crisis/ZLB
2012-01-25,WILLIAMS,San Francisco,0.24527405944603545,9.031140132689757,5445,2012,Crisis/ZLB
2012-01-25,YELLEN,San Francisco,0.30041893716545554,9.031140132689757,10890,2012,Crisis/ZLB
2012-03-13,BULLARD,St. Louis,0.24194155779221543,6.9584363515001675,7290,2012,Crisis/ZLB
2012-03-13,DUDLEY,New York,0.23236659457396427,6.9584363515001675,9234,2012,Crisis/ZLB
2012-03-13,EVANS,Chicago,0.24945024347926045,6.9584363515001675,6318,2012,Crisis/ZLB
2012-03-13,FISHER,Dallas,0.25996570783266354,6.9584363515001675,15552,2012,Crisis/ZLB
2012-03-13,GEORGE,Kansas City,0.3012288959056882,6.9584363515001675,1458,2012,Crisis/ZLB
2012-03-13,KOCHERLAKOTA,Minneapolis,0.26720543819036613,6.9584363515001675,13122,2012,Crisis/ZLB
2012-03-13,LACKER,Richmond,0.2826463111387665,6.9584363515001675,14580,2012,Crisis/ZLB
2012-03-13,LOCKHART,Atlanta,0.27537163832524303,6.9584363515001675,4374,2012,Crisis/ZLB
2012-03-13,PIANALTO,Cleveland,0.31626336519270654,6.9584363515001675,1458,2012,Crisis/ZLB
2012-03-13,PLOSSER,Philadelphia,0.27799237957108164,6.9584363515001675,4374,2012,Crisis/ZLB
2012-03-13,ROSENGREN,Boston,0.30770241384521335,6.9584363515001675,1458,2012,Crisis/ZLB
2012-03-13,WILLIAMS,San Francisco,0.2627281638274894,6.9584363515001675,3645,2012,Crisis/ZLB
2012-03-13,YELLEN,San Francisco,0.30087066230520126,6.9584363515001675,2187,2012,Crisis/ZLB
2012-04-25,BULLARD,St. Louis,0.2944542592449963,7.545999479710393,4986,2012,Crisis/ZLB
2012-04-25,DUDLEY,New York,0.24983759455912902,7.545999479710393,17728,2012,Crisis/ZLB
2012-04-25,EVANS,Chicago,0.2776588070248222,7.545999479710393,6648,2012,Crisis/ZLB
2012-04-25,FISHER,Dallas,0.24299751128201688,7.545999479710393,19944,2012,Crisis/ZLB
2012-04-25,GEORGE,Kansas City,0.2508884133470389,7.545999479710393,1662,2012,Crisis/ZLB
2012-04-25,KOCHERLAKOTA,Minneapolis,0.2832846805836632,7.545999479710393,18282,2012,Crisis/ZLB
2012-04-25,LACKER,Richmond,0.2653105188671471,7.545999479710393,21606,2012,Crisis/ZLB
2012-04-25,LOCKHART,Atlanta,0.29190723553510767,7.545999479710393,8310,2012,Crisis/ZLB
2012-04-25,PIANALTO,Cleveland,0.3009928457825619,7.545999479710393,1108,2012,Crisis/ZLB
2012-04-25,PLOSSER,Philadelphia,0.25487551457156177,7.545999479710393,9418,2012,Crisis/ZLB
2012-04-25,ROSENGREN,Boston,0.2665293003934152,7.545999479710393,6094,2012,Crisis/ZLB
2012-04-25,WILLIAMS,San Francisco,0.30535693304631406,7.545999479710393,4155,2012,Crisis/ZLB
2012-04-25,YELLEN,San Francisco,0.24276314983182148,7.545999479710393,4986,2012,Crisis/ZLB
2012-06-20,BULLARD,St. Louis,0.25236170480628534,7.668718579805673,5588,2012,Crisis/ZLB
2012-06-20,DUDLEY,New York,0.24777319638153925,7.668718579805673,14224,2012,Crisis/ZLB
2012-06-20,EVANS,Chicago,0.2796318377241257,7.668718579805673,6604,2012,Crisis/ZLB
2012-06-20,FISHER,Dallas,0.26075448363202874,7.668718579805673,11176,2012,Crisis/ZLB
2012-06-20,GEORGE,Kansas City,0.2951282940345391,7.668718579805673,1524,2012,Crisis/ZLB
2012-06-20,KOCHERLAKOTA,Minneapolis,0.2764173191109719,7.668718579805673,14478,2012,Crisis/ZLB
2012-06-20,LACKER,Richmond,0.294233957537993,7.668718579805673,4572,2012,Crisis/ZLB
2012-06-20,LOCKHART,Atlanta,0.3148509917834778,7.668718579805673,6096,2012,Crisis/ZLB
2012-06-20,PIANALTO,Cleveland,0.3410931884125396,7.668718579805673,1524,2012,Crisis/ZLB
2012-06-20,PLOSSER,Philadelphia,0.2925247733214479,7.668718579805673,2540,2012,Crisis/ZLB
2012-06-20,ROSENGREN,Boston,0.2653033893046311,7.668718579805673,3048,2012,Crisis/ZLB
2012-06-20,WILLIAMS,San Francisco,0.2815644488443153,7.668718579805673,8382,2012,Crisis/ZLB
2012-06-20,YELLEN,San Francisco,0.3343011509144157,7.668718579805673,3810,2012,Crisis/ZLB
2012-08-01,BULLARD,St. Louis,0.2531522444182177,8.212726544200933,25664,2012,Crisis/ZLB
2012-08-01,DUDLEY,New York,0.2628142921132284,8.212726544200933,19248,2012,Crisis/ZLB
2012-08-01,EVANS,Chicago,0.28328182695718307,8.212726544200933,16040,2012,Crisis/ZLB
2012-08-01,FISHER,Dallas,0.25388932216051857,8.212726544200933,21654,2012,Crisis/ZLB
2012-08-01,GEORGE,Kansas City,0.3256567671726053,8.212726544200933,3208,2012,Crisis/ZLB
2012-08-01,KOCHERLAKOTA,Minneapolis,0.2970504883394458,8.212726544200933,26466,2012,Crisis/ZLB
2012-08-01,LACKER,Richmond,0.2646423055094127,8.212726544200933,34486,2012,Crisis/ZLB
2012-08-01,LOCKHART,Atlanta,0.31667915060593044,8.212726544200933,8421,2012,Crisis/ZLB
2012-08-01,PIANALTO,Cleveland,0.30693668456361484,8.212726544200933,4010,2012,Crisis/ZLB
2012-08-01,PLOSSER,Philadelphia,0.2612517757993987,8.212726544200933,17644,2012,Crisis/ZLB
2012-08-01,ROSENGREN,Boston,0.3139525992347279,8.212726544200933,4812,2012,Crisis/ZLB
2012-08-01,WILLIAMS,San Francisco,0.31492579187381586,8.212726544200933,10827,2012,Crisis/ZLB
2012-08-01,YELLEN,San Francisco,0.3040763890629599,8.212726544200933,7218,2012,Crisis/ZLB
2012-09-13,BULLARD,St. Louis,0.2688284779988534,7.112531276986331,26944,2012,Crisis/ZLB
2012-09-13,DUDLEY,New York,0.24602609898038785,7.112531276986331,46310,2012,Crisis/ZLB
2012-09-13,EVANS,Chicago,0.3025592205086512,7.112531276986331,6736,2012,Crisis/ZLB
2012-09-13,FISHER,Dallas,0.2365044140642741,7.112531276986331,37048,2012,Crisis/ZLB
2012-09-13,GEORGE,Kansas City,0.2792003211687974,7.112531276986331,2526,2012,Crisis/ZLB
2012-09-13,KOCHERLAKOTA,Minneapolis,0.3084986578982712,7.112531276986331,10104,2012,Crisis/ZLB
2012-09-13,LACKER,Richmond,0.24137546834492868,7.112531276986331,59782,2012,Crisis/ZLB
2012-09-13,LOCKHART,Atlanta,0.2509853522067308,7.112531276986331,17682,2012,Crisis/ZLB
2012-09-13,PIANALTO,Cleveland,0.3127885542364709,7.112531276986331,4210,2012,Crisis/ZLB
2012-09-13,PLOSSER,Philadelphia,0.2346767264014132,7.112531276986331,12630,2012,Crisis/ZLB
2012-09-13,ROSENGREN,Boston,0.2812374367582521,7.112531276986331,4210,2012,Crisis/ZLB
2012-09-13,WILLIAMS,San Francisco,0.3472192614663658,7.112531276986331,3789,2012,Crisis/ZLB
2012-09-13,YELLEN,San Francisco,0.31901749442307087,7.112531276986331,8841,2012,Crisis/ZLB
2012-10-24,BULLARD,St. Louis,0.2860257051850224,7.102640950045213,10836,2012,Crisis/ZLB
2012-10-24,DUDLEY,New York,0.24469197737800505,7.102640950045213,5676,2012,Crisis/ZLB
2012-10-24,EVANS,Chicago,0.25629257739608463,7.102640950045213,12900,2012,Crisis/ZLB
2012-10-24,FISHER,Dallas,0.257466808221274,7.102640950045213,13416,2012,Crisis/ZLB
2012-10-24,GEORGE,Kansas City,0.3013766279891519,7.102640950045213,2064,2012,Crisis/ZLB
2012-10-24,KOCHERLAKOTA,Minneapolis,0.2667611715841601,7.102640950045213,11610,2012,Crisis/ZLB
2012-10-24,LACKER,Richmond,0.27469745539372414,7.102640950045213,12900,2012,Crisis/ZLB
2012-10-24,LOCKHART,Atlanta,0.294405007160369,7.102640950045213,6966,2012,Crisis/ZLB
2012-10-24,PIANALTO,Cleveland,0.3223206933117206,7.102640950045213,2064,2012,Crisis/ZLB
2012-10-24,PLOSSER,Philadelphia,0.3191494439400931,7.102640950045213,5160,2012,Crisis/ZLB
2012-10-24,ROSENGREN,Boston,0.32544924450451773,7.102640950045213,2580,2012,Crisis/ZLB
2012-10-24,WILLIAMS,San Francisco,0.264848953621324,7.102640950045213,6192,2012,Crisis/ZLB
2012-10-24,YELLEN,San Francisco,0.33347593009627385,7.102640950045213,4644,2012,Crisis/ZLB
2012-12-12,BULLARD,St. Louis,0.28277403060898054,5.990761755544947,6720,2012,Crisis/ZLB
2012-12-12,DUDLEY,New York,0.22805768565442033,5.990761755544947,6720,2012,Crisis/ZLB
2012-12-12,EVANS,Chicago,0.2955912224316583,5.990761755544947,960,2012,Crisis/ZLB
2012-12-12,FISHER,Dallas,0.2647351004497608,5.990761755544947,8160,2012,Crisis/ZLB
2012-12-12,GEORGE,Kansas City,0.2657970563548664,5.990761755544947,1440,2012,Crisis/ZLB
2012-12-12,KOCHERLAKOTA,Minneapolis,0.3001918132282464,5.990761755544947,10800,2012,Crisis/ZLB
2012-12-12,LACKER,Richmond,0.29296476522054055,5.990761755544947,4800,2012,Crisis/ZLB
2012-12-12,LOCKHART,Atlanta,0.3079585145899022,5.990761755544947,2160,2012,Crisis/ZLB
2012-12-12,PIANALTO,Cleveland,0.2852108726416835,5.990761755544947,1920,2012,Crisis/ZLB
2012-12-12,PLOSSER,Philadelphia,0.2192694616765693,5.990761755544947,6240,2012,Crisis/ZLB
2012-12-12,ROSENGREN,Boston,0.27153367404846324,5.990761755544947,3360,2012,Crisis/ZLB
2012-12-12,WILLIAMS,San Francisco,0.2876151336316818,5.990761755544947,2160,2012,Crisis/ZLB
2012-12-12,YELLEN,San Francisco,0.3244939439806563,5.990761755544947,2160,2012,Crisis/ZLB
2013-01-30,BULLARD,St. Louis,0.23683351159350235,7.34894931625851,7456,2013,Crisis/ZLB
2013-01-30,DUDLEY,New York,0.2925720959232546,7.34894931625851,8388,2013,Crisis/ZLB
2013-01-30,EVANS,Chicago,0.2602195869672723,7.34894931625851,5126,2013,Crisis/ZLB
2013-01-30,FISHER,Dallas,0.28819303979597205,7.34894931625851,6524,2013,Crisis/ZLB
2013-01-30,GEORGE,Kansas City,0.31335083731895474,7.34894931625851,1398,2013,Crisis/ZLB
2013-01-30,KOCHERLAKOTA,Minneapolis,0.3154186628930062,7.34894931625851,10485,2013,Crisis/ZLB
2013-01-30,LACKER,Richmond,0.26108145881358524,7.34894931625851,9320,2013,Crisis/ZLB
2013-01-30,LOCKHART,Atlanta,0.31248059475892875,7.34894931625851,2796,2013,Crisis/ZLB
2013-01-30,PIANALTO,Cleveland,0.294643007586373,7.34894931625851,2796,2013,Crisis/ZLB
2013-01-30,PLOSSER,Philadelphia,0.2753173400872605,7.34894931625851,6524,2013,Crisis/ZLB
2013-01-30,ROSENGREN,Boston,0.2876733549811755,7.34894931625851,1398,2013,Crisis/ZLB
2013-01-30,WILLIAMS,San Francisco,0.3099986093626311,7.34894931625851,2097,2013,Crisis/ZLB
2013-01-30,YELLEN,San Francisco,0.30104807492802665,7.34894931625851,5592,2013,Crisis/ZLB
2013-03-20,BULLARD,St. Louis,0.269091815392381,8.539607060845569,13432,2013,Crisis/ZLB
2013-03-20,DUDLEY,New York,0.2412268764628528,8.539607060845569,11680,2013,Crisis/ZLB
2013-03-20,EVANS,Chicago,0.2860914266313704,8.539607060845569,11096,2013,Crisis/ZLB
2013-03-20,FISHER,Dallas,0.2443218754046893,8.539607060845569,15184,2013,Crisis/ZLB
2013-03-20,GEORGE,Kansas City,0.2965172047840306,8.539607060845569,1752,2013,Crisis/ZLB
2013-03-20,KOCHERLAKOTA,Minneapolis,0.2556504730116231,8.539607060845569,26280,2013,Crisis/ZLB
2013-03-20,LACKER,Richmond,0.2699813462721906,8.539607060845569,10512,2013,Crisis/ZLB
2013-03-20,LOCKHART,Atlanta,0.30139418295787557,8.539607060845569,3504,2013,Crisis/ZLB
2013-03-20,PIANALTO,Cleveland,0.3158243406387475,8.539607060845569,1752,2013,Crisis/ZLB
2013-03-20,PLOSSER,Philadelphia,0.25034145747866393,8.539607060845569,5840,2013,Crisis/ZLB
2013-03-20,ROSENGREN,Boston,0.27944236370085207,8.539607060845569,2920,2013,Crisis/ZLB
2013-03-20,WILLIAMS,San Francisco,0.3049090458847475,8.539607060845569,4380,2013,Crisis/ZLB
2013-03-20,YELLEN,San Francisco,0.3214992468439434,8.539607060845569,2628,2013,Crisis/ZLB
2013-05-01,BULLARD,St. Louis,0.2778264535668495,9.087807132528232,6834,2013,Crisis/ZLB
2013-05-01,DUDLEY,New York,0.29971054719216145,9.087807132528232,2814,2013,Crisis/ZLB
2013-05-01,EVANS,Chicago,0.2600544944674607,9.087807132528232,8442,2013,Crisis/ZLB
2013-05-01,FISHER,Dallas,0.25707855002445407,9.087807132528232,4020,2013,Crisis/ZLB
2013-05-01,GEORGE,Kansas City,0.2848335625346207,9.087807132528232,1206,2013,Crisis/ZLB
2013-05-01,KOCHERLAKOTA,Minneapolis,0.2518288720032333,9.087807132528232,12663,2013,Crisis/ZLB
2013-05-01,LACKER,Richmond,0.2728310945402616,9.087807132528232,4020,2013,Crisis/ZLB
2013-05-01,LOCKHART,Atlanta,0.3229284976716914,9.087807132528232,3015,2013,Crisis/ZLB
2013-05-01,PIANALTO,Cleveland,0.3276776275891431,9.087807132528232,1206,2013,Crisis/ZLB
2013-05-01,PLOSSER,Philadelphia,0.34354102282138765,9.087807132528232,1608,2013,Crisis/ZLB
2013-05-01,ROSENGREN,Boston,0.31815949621592216,9.087807132528232,2010,2013,Crisis/ZLB
2013-05-01,WILLIAMS,San Francisco,0.3049708796418506,9.087807132528232,1809,2013,Crisis/ZLB
2013-05-01,YELLEN,San Francisco,0.3289996476719957,9.087807132528232,2412,2013,Crisis/ZLB
2013-06-19,BULLARD,St. Louis,0.2923653001273038,8.047181909537729,5226,2013,Crisis/ZLB
2013-06-19,DUDLEY,New York,0.30392339084798553,8.047181909537729,6030,2013,Crisis/ZLB
2013-06-19,EVANS,Chicago,0.30606921900643663,8.047181909537729,1206,2013,Crisis/ZLB
2013-06-19,FISHER,Dallas,0.26463770964490707,8.047181909537729,5628,2013,Crisis/ZLB
2013-06-19,GEORGE,Kansas City,0.30149133328065053,8.047181909537729,1206,2013,Crisis/ZLB
2013-06-19,KOCHERLAKOTA,Minneapolis,0.24937292835534922,8.047181909537729,15075,2013,Crisis/ZLB
2013-06-19,LACKER,Richmond,0.25542958588338277,8.047181909537729,5226,2013,Crisis/ZLB
2013-06-19,LOCKHART,Atlanta,0.3155092510414638,8.047181909537729,1206,2013,Crisis/ZLB
2013-06-19,PLOSSER,Philadelphia,0.3204697284531479,8.047181909537729,2412,2013,Crisis/ZLB
2013-06-19,ROSENGREN,Boston,0.3089760053365481,8.047181909537729,2412,2013,Crisis/ZLB
2013-06-19,WILLIAMS,San Francisco,0.26459612858480674,8.047181909537729,3618,2013,Crisis/ZLB
2013-06-19,YELLEN,San Francisco,0.3436732075859913,8.047181909537729,4221,2013,Crisis/ZLB
2013-07-31,BULLARD,St. Louis,0.3242669919093818,9.427077475251156,3724,2013,Crisis/ZLB
2013-07-31,DUDLEY,New York,0.24673063620716926,9.427077475251156,15428,2013,Crisis/ZLB
2013-07-31,EVANS,Chicago,0.2675712541756909,9.427077475251156,12236,2013,Crisis/ZLB
2013-07-31,FISHER,Dallas,0.2547482436977376,9.427077475251156,15428,2013,Crisis/ZLB
2013-07-31,GEORGE,Kansas City,0.286543441415587,9.427077475251156,1064,2013,Crisis/ZLB
2013-07-31,KOCHERLAKOTA,Minneapolis,0.2934349629881904,9.427077475251156,7980,2013,Crisis/ZLB
2013-07-31,LACKER,Richmond,0.2776522557548408,9.427077475251156,9576,2013,Crisis/ZLB
2013-07-31,LOCKHART,Atlanta,0.2960886743893357,9.427077475251156,2394,2013,Crisis/ZLB
2013-07-31,PIANALTO,Cleveland,0.2967964185692806,9.427077475251156,1064,2013,Crisis/ZLB
2013-07-31,PLOSSER,Philadelphia,0.26984035523617284,9.427077475251156,7448,2013,Crisis/ZLB
2013-07-31,ROSENGREN,Boston,0.3216228792242234,9.427077475251156,1596,2013,Crisis/ZLB
2013-07-31,WILLIAMS,San Francisco,0.260556906834268,9.427077475251156,6384,2013,Crisis/ZLB
2013-07-31,YELLEN,San Francisco,0.30671720127109603,9.427077475251156,6384,2013,Crisis/ZLB
2013-09-18,BULLARD,St. Louis,0.2258339251040768,3.2888323021088395,10692,2013,Crisis/ZLB
2013-09-18,DUDLEY,New York,0.2557292245003925,3.2888323021088395,6804,2013,Crisis/ZLB
2013-09-18,EVANS,Chicago,0.2676334060421935,3.2888323021088395,10692,2013,Crisis/ZLB
2013-09-18,FISHER,Dallas,0.2631237947897146,3.2888323021088395,16524,2013,Crisis/ZLB
2013-09-18,GEORGE,Kansas City,0.26666964438046925,3.2888323021088395,1458,2013,Crisis/ZLB
2013-09-18,KOCHERLAKOTA,Minneapolis,0.27061632887794673,3.2888323021088395,18225,2013,Crisis/ZLB
2013-09-18,LACKER,Richmond,0.24399942145451256,3.2888323021088395,6318,2013,Crisis/ZLB
2013-09-18,LOCKHART,Atlanta,0.2773120564652208,3.2888323021088395,3645,2013,Crisis/ZLB
2013-09-18,PIANALTO,Cleveland,0.32085458162788566,3.2888323021088395,1458,2013,Crisis/ZLB
2013-09-18,PLOSSER,Philadelphia,0.34759168911550226,3.2888323021088395,972,2013,Crisis/ZLB
2013-09-18,ROSENGREN,Boston,0.2758550531794778,3.2888323021088395,2430,2013,Crisis/ZLB
2013-09-18,WILLIAMS,San Francisco,0.24042869545951945,3.2888323021088395,5832,2013,Crisis/ZLB
2013-09-18,YELLEN,San Francisco,0.2655103527229217,3.2888323021088395,8748,2013,Crisis/ZLB
2013-10-30,BULLARD,St. Louis,0.3309376808214344,8.782941420133875,3618,2013,Crisis/ZLB
2013-10-30,DUDLEY,New York,0.26976774320991614,8.782941420133875,3618,2013,Crisis/ZLB
2013-10-30,EVANS,Chicago,0.3062818098826161,8.782941420133875,8442,2013,Crisis/ZLB
2013-10-30,FISHER,Dallas,0.27673717994370045,8.782941420133875,8040,2013,Crisis/ZLB
2013-10-30,GEORGE,Kansas City,0.310428229586115,8.782941420133875,1206,2013,Crisis/ZLB
2013-10-30,KOCHERLAKOTA,Minneapolis,0.3193584987717433,8.782941420133875,8442,2013,Crisis/ZLB
2013-10-30,LACKER,Richmond,0.2797127225602411,8.782941420133875,4422,2013,Crisis/ZLB
2013-10-30,LOCKHART,Atlanta,0.2762255979110159,8.782941420133875,3015,2013,Crisis/ZLB
2013-10-30,PIANALTO,Cleveland,0.32071768210281,8.782941420133875,1206,2013,Crisis/ZLB
2013-10-30,PLOSSER,Philadelphia,0.3113407889052177,8.782941420133875,2412,2013,Crisis/ZLB
2013-10-30,ROSENGREN,Boston,0.3045414255569467,8.782941420133875,1608,2013,Crisis/ZLB
2013-10-30,WILLIAMS,San Francisco,0.24832915356434726,8.782941420133875,5427,2013,Crisis/ZLB
2013-10-30,YELLEN,San Francisco,0.33308813347569394,8.782941420133875,1809,2013,Crisis/ZLB
2013-12-18,BULLARD,St. Louis,0.23989904461356762,9.075011083711807,5962,2013,Crisis/ZLB
2013-12-18,DUDLEY,New York,0.2440793781349483,9.075011083711807,15176,2013,Crisis/ZLB
2013-12-18,EVANS,Chicago,0.2227712714655433,9.075011083711807,13008,2013,Crisis/ZLB
2013-12-18,FISHER,Dallas,0.23423758457965457,9.075011083711807,9756,2013,Crisis/ZLB
2013-12-18,GEORGE,Kansas City,0.27204231519947203,9.075011083711807,1084,2013,Crisis/ZLB
2013-12-18,KOCHERLAKOTA,Minneapolis,0.2683928305487548,9.075011083711807,13821,2013,Crisis/ZLB
2013-12-18,LACKER,Richmond,0.2530914045709751,9.075011083711807,17344,2013,Crisis/ZLB
2013-12-18,LOCKHART,Atlanta,0.33070064760068957,9.075011083711807,1626,2013,Crisis/ZLB
2013-12-18,PIANALTO,Cleveland,0.26996625506200367,9.075011083711807,1084,2013,Crisis/ZLB
2013-12-18,PLOSSER,Philadelphia,0.25605793959514733,9.075011083711807,13550,2013,Crisis/ZLB
2013-12-18,ROSENGREN,Boston,0.2856112975793289,9.075011083711807,2168,2013,Crisis/ZLB
2013-12-18,WILLIAMS,San Francisco,0.28607558679630235,9.075011083711807,1626,2013,Crisis/ZLB
2013-12-18,YELLEN,San Francisco,0.33422116841206023,9.075011083711807,4065,2013,Crisis/ZLB
2014-01-29,BULLARD,St. Louis,0.279377950876413,11.06750136662213,2412,2014,Recovery
2014-01-29,DUDLEY,New York,0.2474059710238343,11.06750136662213,9648,2014,Recovery
2014-01-29,EVANS,Chicago,0.2581854301595612,11.06750136662213,2412,2014,Recovery
2014-01-29,FISHER,Dallas,0.27223291439243336,11.06750136662213,10452,2014,Recovery
2014-01-29,GEORGE,Kansas City,0.2597836611936753,11.06750136662213,804,2014,Recovery
2014-01-29,KOCHERLAKOTA,Minneapolis,0.30762678415826017,11.06750136662213,4824,2014,Recovery
2014-01-29,LACKER,Richmond,0.26179880729190264,11.06750136662213,5628,2014,Recovery
2014-01-29,LOCKHART,Atlanta,0.31214236640100346,11.06750136662213,1809,2014,Recovery
2014-01-29,PIANALTO,Cleveland,0.23576600114084365,11.06750136662213,1206,2014,Recovery
2014-01-29,PLOSSER,Philadelphia,0.3042350629688147,11.06750136662213,4422,2014,Recovery
2014-01-29,ROSENGREN,Boston,0.3216816332463911,11.06750136662213,1608,2014,Recovery
2014-01-29,WILLIAMS,San Francisco,0.31675864877783433,11.06750136662213,1206,2014,Recovery
2014-01-29,YELLEN,San Francisco,0.32145889412641826,11.06750136662213,3015,2014,Recovery
2014-03-19,BULLARD,St. Louis,0.3232380365641979,8.162021181469251,564,2014,Recovery
2014-03-19,DUDLEY,New York,0.2731765032096961,8.162021181469251,4230,2014,Recovery
2014-03-19,EVANS,Chicago,0.22987652106678513,8.162021181469251,3384,2014,Recovery
2014-03-19,FISHER,Dallas,0.2338052579944489,8.162021181469251,4230,2014,Recovery
2014-03-19,GEORGE,Kansas City,0.2685018489560328,8.162021181469251,564,2014,Recovery
2014-03-19,KOCHERLAKOTA,Minneapolis,0.27906670249198084,8.162021181469251,5922,2014,Recovery
2014-03-19,LACKER,Richmond,0.3036784032198759,8.162021181469251,2538,2014,Recovery
2014-03-19,LOCKHART,Atlanta,0.25048404534099605,8.162021181469251,1269,2014,Recovery
2014-03-19,PIANALTO,Cleveland,0.3000575658496332,8.162021181469251,564,2014,Recovery
2014-03-19,PLOSSER,Philadelphia,0.2536603577987301,8.162021181469251,1974,2014,Recovery
2014-03-19,ROSENGREN,Boston,0.26495869485624474,8.162021181469251,1692,2014,Recovery
2014-03-19,WILLIAMS,San Francisco,0.24836519854204855,8.162021181469251,4653,2014,Recovery
2014-04-30,BULLARD,St. Louis,0.2568620799521903,9.927927818567568,15840,2014,Recovery
2014-04-30,DUDLEY,New York,0.2353597557280179,9.927927818567568,34056,2014,Recovery
2014-04-30,EVANS,Chicago,0.26575337661552006,9.927927818567568,15048,2014,Recovery
2014-04-30,FISHER,Dallas,0.2610157431782268,9.927927818567568,26136,2014,Recovery
2014-04-30,GEORGE,Kansas City,0.2526096907022095,9.927927818567568,4752,2014,Recovery
2014-04-30,KOCHERLAKOTA,Minneapolis,0.27096045395675167,9.927927818567568,26136,2014,Recovery
2014-04-30,LACKER,Richmond,0.2372744712872386,9.927927818567568,44352,2014,Recovery
2014-04-30,LOCKHART,Atlanta,0.23457794834460197,9.927927818567568,9504,2014,Recovery
2014-04-30,PIANALTO,Cleveland,0.26160362303586787,9.927927818567568,3168,2014,Recovery
2014-04-30,PLOSSER,Philadelphia,0.27019149566986195,9.927927818567568,8712,2014,Recovery
2014-04-30,ROSENGREN,Boston,0.25129517875243307,9.927927818567568,18216,2014,Recovery
2014-04-30,WILLIAMS,San Francisco,0.2799949649966502,9.927927818567568,3564,2014,Recovery
2014-06-18,BULLARD,St. Louis,0.24428018704006177,6.928204426661161,17020,2014,Recovery
2014-06-18,DUDLEY,New York,0.23700931834002703,6.928204426661161,24420,2014,Recovery
2014-06-18,EVANS,Chicago,0.26180784738063784,6.928204426661161,19240,2014,Recovery
2014-06-18,FISHER,Dallas,0.26881345666219814,6.928204426661161,15540,2014,Recovery
2014-06-18,GEORGE,Kansas City,0.2827475841435986,6.928204426661161,5180,2014,Recovery
2014-06-18,KOCHERLAKOTA,Minneapolis,0.2639166843251427,6.928204426661161,27750,2014,Recovery
2014-06-18,LACKER,Richmond,0.22921067966211447,6.928204426661161,25160,2014,Recovery
2014-06-18,LOCKHART,Atlanta,0.2949450527062139,6.928204426661161,5550,2014,Recovery
2014-06-18,MESTER,Cleveland,0.2670296119346375,6.928204426661161,3700,2014,Recovery
2014-06-18,PLOSSER,Philadelphia,0.24648251164858526,6.928204426661161,8140,2014,Recovery
2014-06-18,ROSENGREN,Boston,0.2597796176571781,6.928204426661161,5180,2014,Recovery
2014-06-18,WILLIAMS,San Francisco,0.2395721997699186,6.928204426661161,8880,2014,Recovery
2014-07-30,BULLARD,St. Louis,0.2652134803161857,8.830993141581489,9750,2014,Recovery
2014-07-30,DUDLEY,New York,0.2512908772563639,8.830993141581489,18850,2014,Recovery
2014-07-30,EVANS,Chicago,0.25373076974738024,8.830993141581489,18200,2014,Recovery
2014-07-30,FISHER,Dallas,0.2633182781028912,8.830993141581489,17550,2014,Recovery
2014-07-30,GEORGE,Kansas City,0.2899269249388872,8.830993141581489,3250,2014,Recovery
2014-07-30,KOCHERLAKOTA,Minneapolis,0.27700598748347616,8.830993141581489,25350,2014,Recovery
2014-07-30,LACKER,Richmond,0.25770494886048956,8.830993141581489,13650,2014,Recovery
2014-07-30,LOCKHART,Atlanta,0.2759483456136689,8.830993141581489,12675,2014,Recovery
2014-07-30,MESTER,Cleveland,0.27966400642614664,8.830993141581489,3250,2014,Recovery
2014-07-30,PLOSSER,Philadelphia,0.29077767406404775,8.830993141581489,5200,2014,Recovery
2014-07-30,ROSENGREN,Boston,0.2557721348509949,8.830993141581489,7150,2014,Recovery
2014-07-30,WILLIAMS,San Francisco,0.30138438616944246,8.830993141581489,2925,2014,Recovery
2014-09-17,BULLARD,St. Louis,0.25869349349593224,8.31934404137277,7420,2014,Recovery
2014-09-17,DUDLEY,New York,0.2496473808926884,8.31934404137277,16960,2014,Recovery
2014-09-17,EVANS,Chicago,0.24047472010437695,8.31934404137277,4770,2014,Recovery
2014-09-17,FISHER,Dallas,0.23715158591747593,8.31934404137277,9540,2014,Recovery
2014-09-17,GEORGE,Kansas City,0.2631232430954261,8.31934404137277,1060,2014,Recovery
2014-09-17,KOCHERLAKOTA,Minneapolis,0.25793681900362736,8.31934404137277,18285,2014,Recovery
2014-09-17,LACKER,Richmond,0.26386642330996696,8.31934404137277,9010,2014,Recovery
2014-09-17,LOCKHART,Atlanta,0.3214816586944902,8.31934404137277,3975,2014,Recovery
2014-09-17,MESTER,Cleveland,0.263630799387236,8.31934404137277,3710,2014,Recovery
2014-09-17,PLOSSER,Philadelphia,0.2749603788478736,8.31934404137277,4770,2014,Recovery
2014-09-17,ROSENGREN,Boston,0.29169407138875153,8.31934404137277,1060,2014,Recovery
2014-09-17,WILLIAMS,San Francisco,0.25461491643342,8.31934404137277,9540,2014,Recovery
2014-10-29,BULLARD,St. Louis,0.29400395097805787,8.04130071451799,3710,2014,Recovery
2014-10-29,DUDLEY,New York,0.25494022988892123,8.04130071451799,16430,2014,Recovery
2014-10-29,EVANS,Chicago,0.26644133058080205,8.04130071451799,5830,2014,Recovery
2014-10-29,FISHER,Dallas,0.25266369418733753,8.04130071451799,10600,2014,Recovery
2014-10-29,GEORGE,Kansas City,0.26756666148599634,8.04130071451799,2120,2014,Recovery
2014-10-29,KOCHERLAKOTA,Minneapolis,0.2935106026299145,8.04130071451799,10335,2014,Recovery
2014-10-29,LACKER,Richmond,0.2442957822614153,8.04130071451799,11660,2014,Recovery
2014-10-29,LOCKHART,Atlanta,0.26848264692341134,8.04130071451799,6360,2014,Recovery
2014-10-29,MESTER,Cleveland,0.2952192974157495,8.04130071451799,3180,2014,Recovery
2014-10-29,PLOSSER,Philadelphia,0.3092291144778605,8.04130071451799,2650,2014,Recovery
2014-10-29,ROSENGREN,Boston,0.2877793868945798,8.04130071451799,3180,2014,Recovery
2014-10-29,WILLIAMS,San Francisco,0.2443862874108858,8.04130071451799,8745,2014,Recovery
2014-12-17,BULLARD,St. Louis,0.24652850470500923,7.637118309301566,5504,2014,Recovery
2014-12-17,DUDLEY,New York,0.23355642238485683,7.637118309301566,3440,2014,Recovery
2014-12-17,EVANS,Chicago,0.24300701327026944,7.637118309301566,5160,2014,Recovery
2014-12-17,FISHER,Dallas,0.2261353803915515,7.637118309301566,8944,2014,Recovery
2014-12-17,GEORGE,Kansas City,0.25484855210813906,7.637118309301566,688,2014,Recovery
2014-12-17,KOCHERLAKOTA,Minneapolis,0.26507515239426505,7.637118309301566,9288,2014,Recovery
2014-12-17,LACKER,Richmond,0.28762245307420947,7.637118309301566,1376,2014,Recovery
2014-12-17,LOCKHART,Atlanta,0.2796269288721566,7.637118309301566,1548,2014,Recovery
2014-12-17,MESTER,Cleveland,0.2690907086592088,7.637118309301566,2408,2014,Recovery
2014-12-17,PLOSSER,Philadelphia,0.3343599413264783,7.637118309301566,688,2014,Recovery
2014-12-17,ROSENGREN,Boston,0.26168143140446165,7.637118309301566,1032,2014,Recovery
2014-12-17,WILLIAMS,San Francisco,0.27314537063091204,7.637118309301566,2064,2014,Recovery
2015-01-28,BULLARD,St. Louis,0.29611560198987086,11.076870414904196,17822,2015,Recovery
2015-01-28,DUDLEY,New York,0.2630456625965535,11.076870414904196,32830,2015,Recovery
2015-01-28,EVANS,Chicago,0.2563422230580529,11.076870414904196,23450,2015,Recovery
2015-01-28,FISHER,Dallas,0.25606249507482703,11.076870414904196,31892,2015,Recovery
2015-01-28,GEORGE,Kansas City,0.2848384551228463,11.076870414904196,6566,2015,Recovery
2015-01-28,KOCHERLAKOTA,Minneapolis,0.27529725172620034,11.076870414904196,52059,2015,Recovery
2015-01-28,LACKER,Richmond,0.2586500589038547,11.076870414904196,64722,2015,Recovery
2015-01-28,LOCKHART,Atlanta,0.3395037318728799,11.076870414904196,7035,2015,Recovery
2015-01-28,MESTER,Cleveland,0.29121217987103976,11.076870414904196,7504,2015,Recovery
2015-01-28,PLOSSER,Philadelphia,0.27624146258136,11.076870414904196,15008,2015,Recovery
2015-01-28,ROSENGREN,Boston,0.2705003165125045,11.076870414904196,13132,2015,Recovery
2015-01-28,WILLIAMS,San Francisco,0.27981962807178945,11.076870414904196,25326,2015,Recovery
2015-03-18,BULLARD,St. Louis,0.29244841459684495,8.444214489122565,4096,2015,Recovery
2015-03-18,DUDLEY,New York,0.24331736531018716,8.444214489122565,10752,2015,Recovery
2015-03-18,EVANS,Chicago,0.25093533935941786,8.444214489122565,10240,2015,Recovery
2015-03-18,GEORGE,Kansas City,0.2724509987945375,8.444214489122565,1536,2015,Recovery
2015-03-18,KOCHERLAKOTA,Minneapolis,0.24994273338868708,8.444214489122565,13824,2015,Recovery
2015-03-18,LACKER,Richmond,0.258265183071639,8.444214489122565,13824,2015,Recovery
2015-03-18,LOCKHART,Atlanta,0.2824049506723817,8.444214489122565,3072,2015,Recovery
2015-03-18,MESTER,Cleveland,0.2947465933883076,8.444214489122565,2560,2015,Recovery
2015-03-18,ROSENGREN,Boston,0.2931949355745623,8.444214489122565,3072,2015,Recovery
2015-03-18,WILLIAMS,San Francisco,0.2896032087355513,8.444214489122565,8448,2015,Recovery
2015-04-29,BULLARD,St. Louis,0.2705463104031979,12.0,4360,2015,Recovery
2015-04-29,DUDLEY,New York,0.2358080550768582,12.0,12208,2015,Recovery
2015-04-29,EVANS,Chicago,0.22474567758261818,12.0,12208,2015,Recovery
2015-04-29,GEORGE,Kansas City,0.26756008600038833,12.0,2616,2015,Recovery
2015-04-29,KOCHERLAKOTA,Minneapolis,0.3141044093039556,12.0,7848,2015,Recovery
2015-04-29,LACKER,Richmond,0.25547008423758805,12.0,7848,2015,Recovery
2015-04-29,LOCKHART,Atlanta,0.3119770478999918,12.0,3924,2015,Recovery
2015-04-29,MESTER,Cleveland,0.2530486613717647,12.0,3924,2015,Recovery
2015-04-29,ROSENGREN,Boston,0.25216552380653867,12.0,5232,2015,Recovery
2015-04-29,WILLIAMS,San Francisco,0.23738735213091414,12.0,11118,2015,Recovery
2015-06-17,BULLARD,St. Louis,0.3176018892461673,8.294680069352202,1440,2015,Recovery
2015-06-17,DUDLEY,New York,0.26181211902268414,8.294680069352202,7200,2015,Recovery
2015-06-17,EVANS,Chicago,0.3008591158869281,8.294680069352202,720,2015,Recovery
2015-06-17,GEORGE,Kansas City,0.27608819780602356,8.294680069352202,1440,2015,Recovery
2015-06-17,KOCHERLAKOTA,Minneapolis,0.2659032459502344,8.294680069352202,6480,2015,Recovery
2015-06-17,LACKER,Richmond,0.26062349881857316,8.294680069352202,7920,2015,Recovery
2015-06-17,LOCKHART,Atlanta,0.3111196510238146,8.294680069352202,1080,2015,Recovery
2015-06-17,MESTER,Cleveland,0.27581317847172426,8.294680069352202,1080,2015,Recovery
2015-06-17,ROSENGREN,Boston,0.2741899068107874,8.294680069352202,2160,2015,Recovery
2015-06-17,WILLIAMS,San Francisco,0.2582597907483387,8.294680069352202,12420,2015,Recovery
2015-07-29,BULLARD,St. Louis,0.29174365903543953,4.89729802302819,2250,2015,Recovery
2015-07-29,DUDLEY,New York,0.25457962666188544,4.89729802302819,11250,2015,Recovery
2015-07-29,EVANS,Chicago,0.2380782861263722,4.89729802302819,7200,2015,Recovery
2015-07-29,GEORGE,Kansas City,0.2977754513543824,4.89729802302819,1350,2015,Recovery
2015-07-29,KOCHERLAKOTA,Minneapolis,0.26562666569014837,4.89729802302819,19575,2015,Recovery
2015-07-29,LACKER,Richmond,0.2857182693738927,4.89729802302819,7650,2015,Recovery
2015-07-29,LOCKHART,Atlanta,0.2976750223802797,4.89729802302819,4050,2015,Recovery
2015-07-29,MESTER,Cleveland,0.29191975546381027,4.89729802302819,2700,2015,Recovery
2015-07-29,ROSENGREN,Boston,0.2260855019757045,4.89729802302819,4050,2015,Recovery
2015-07-29,WILLIAMS,San Francisco,0.2518772730948699,4.89729802302819,8100,2015,Recovery
2015-09-17,BULLARD,St. Louis,0.24840607709642698,6.799854344920098,7080,2015,Recovery
2015-09-17,DUDLEY,New York,0.23957384165076515,6.799854344920098,5310,2015,Recovery
2015-09-17,EVANS,Chicago,0.23145910313674345,6.799854344920098,5664,2015,Recovery
2015-09-17,GEORGE,Kansas City,0.31278848111408575,6.799854344920098,1062,2015,Recovery
2015-09-17,KOCHERLAKOTA,Minneapolis,0.2661965036008665,6.799854344920098,9027,2015,Recovery
2015-09-17,LACKER,Richmond,0.2178136828976959,6.799854344920098,4248,2015,Recovery
2015-09-17,LOCKHART,Atlanta,0.2911361403998336,6.799854344920098,2124,2015,Recovery
2015-09-17,MESTER,Cleveland,0.2971887611556816,6.799854344920098,1062,2015,Recovery
2015-09-17,ROSENGREN,Boston,0.2690899841389278,6.799854344920098,2478,2015,Recovery
2015-09-17,WILLIAMS,San Francisco,0.22514358191955108,6.799854344920098,5841,2015,Recovery
2015-10-28,BULLARD,St. Louis,0.30289626470977227,8.434083023551237,5080,2015,Recovery
2015-10-28,DUDLEY,New York,0.2568407899837954,8.434083023551237,17272,2015,Recovery
2015-10-28,EVANS,Chicago,0.24972079838123257,8.434083023551237,12700,2015,Recovery
2015-10-28,GEORGE,Kansas City,0.27225205752647913,8.434083023551237,1016,2015,Recovery
2015-10-28,KOCHERLAKOTA,Minneapolis,0.26467498510407794,8.434083023551237,20574,2015,Recovery
2015-10-28,LACKER,Richmond,0.27110010783022476,8.434083023551237,6096,2015,Recovery
2015-10-28,LOCKHART,Atlanta,0.26629184093100383,8.434083023551237,10668,2015,Recovery
2015-10-28,MESTER,Cleveland,0.2583747686092137,8.434083023551237,5588,2015,Recovery
2015-10-28,ROSENGREN,Boston,0.2733053194109364,8.434083023551237,3556,2015,Recovery
2015-10-28,WILLIAMS,San Francisco,0.2387385395303664,8.434083023551237,16764,2015,Recovery
2015-12-16,BULLARD,St. Louis,0.22559275914244942,4.719816877492638,3740,2015,Recovery
2015-12-16,DUDLEY,New York,0.23958193251923376,4.719816877492638,880,2015,Recovery
2015-12-16,EVANS,Chicago,0.24806369655471336,4.719816877492638,2640,2015,Recovery
2015-12-16,GEORGE,Kansas City,0.25942072889055456,4.719816877492638,440,2015,Recovery
2015-12-16,LACKER,Richmond,0.23319077042564243,4.719816877492638,1760,2015,Recovery
2015-12-16,LOCKHART,Atlanta,0.3163595533946137,4.719816877492638,660,2015,Recovery
2015-12-16,MESTER,Cleveland,0.2961785599920131,4.719816877492638,660,2015,Recovery
2015-12-16,ROSENGREN,Boston,0.31074560693132325,4.719816877492638,440,2015,Recovery
2015-12-16,WILLIAMS,San Francisco,0.2761888004623276,4.719816877492638,2310,2015,Recovery
2016-01-27,BULLARD,St. Louis,0.27355987756281397,4.870073034283161,22382,2016,Recovery
2016-01-27,DUDLEY,New York,0.2750080136573159,4.870073034283161,20938,2016,Recovery
2016-01-27,EVANS,Chicago,0.22920192967440883,4.870073034283161,26714,2016,Recovery
2016-01-27,GEORGE,Kansas City,0.3065631544372833,4.870073034283161,4332,2016,Recovery
2016-01-27,KASHKARI,Minneapolis,0.31564606791168576,4.870073034283161,8664,2016,Recovery
2016-01-27,LACKER,Richmond,0.25076887119606,4.870073034283161,20938,2016,Recovery
2016-01-27,LOCKHART,Atlanta,0.27298485192607663,4.870073034283161,15162,2016,Recovery
2016-01-27,MESTER,Cleveland,0.29950054105075974,4.870073034283161,7220,2016,Recovery
2016-01-27,ROSENGREN,Boston,0.2745805227752881,4.870073034283161,5054,2016,Recovery
2016-01-27,WILLIAMS,San Francisco,0.24023504530216444,4.870073034283161,20577,2016,Recovery
2016-03-16,BULLARD,St. Louis,0.2367446069213738,3.627409553821322,5520,2016,Recovery
2016-03-16,DUDLEY,New York,0.282779230119214,3.627409553821322,4416,2016,Recovery
2016-03-16,EVANS,Chicago,0.25298130823233433,3.627409553821322,1932,2016,Recovery
2016-03-16,GEORGE,Kansas City,0.2748908181125782,3.627409553821322,828,2016,Recovery
2016-03-16,KASHKARI,Minneapolis,0.28557501860995194,3.627409553821322,828,2016,Recovery
2016-03-16,LACKER,Richmond,0.2903423249015931,3.627409553821322,1932,2016,Recovery
2016-03-16,LOCKHART,Atlanta,0.2717604365359143,3.627409553821322,1242,2016,Recovery
2016-03-16,MESTER,Cleveland,0.29543129319729566,3.627409553821322,552,2016,Recovery
2016-03-16,ROSENGREN,Boston,0.2705507540911848,3.627409553821322,828,2016,Recovery
2016-03-16,WILLIAMS,San Francisco,0.2277031078088552,3.627409553821322,10350,2016,Recovery
2016-04-27,BULLARD,St. Louis,0.25159671145763496,3.9048982708055826,4992,2016,Recovery
2016-04-27,DUDLEY,New York,0.26271852606919416,3.9048982708055826,4368,2016,Recovery
2016-04-27,EVANS,Chicago,0.3202381761247943,3.9048982708055826,1248,2016,Recovery
2016-04-27,GEORGE,Kansas City,0.28868376839164883,3.9048982708055826,936,2016,Recovery
2016-04-27,KASHKARI,Minneapolis,0.2777691447954702,3.9048982708055826,1404,2016,Recovery
2016-04-27,LACKER,Richmond,0.24844529036349977,3.9048982708055826,3120,2016,Recovery
2016-04-27,LOCKHART,Atlanta,0.29626646119909406,3.9048982708055826,1872,2016,Recovery
2016-04-27,MESTER,Cleveland,0.3137374783512706,3.9048982708055826,936,2016,Recovery
2016-04-27,ROSENGREN,Boston,0.29926020621923805,3.9048982708055826,1560,2016,Recovery
2016-04-27,WILLIAMS,San Francisco,0.2553976143347366,3.9048982708055826,4680,2016,Recovery
2016-06-15,BULLARD,St. Louis,0.21562024508834884,4.595249662594461,5256,2016,Recovery
2016-06-15,DUDLEY,New York,0.24787989839354663,4.595249662594461,6424,2016,Recovery
2016-06-15,EVANS,Chicago,0.28276758291261506,4.595249662594461,1168,2016,Recovery
2016-06-15,GEORGE,Kansas City,0.2843552714399624,4.595249662594461,584,2016,Recovery
2016-06-15,KASHKARI,Minneapolis,0.2186926711766252,4.595249662594461,2628,2016,Recovery
2016-06-15,LACKER,Richmond,0.25468671121858943,4.595249662594461,2920,2016,Recovery
2016-06-15,LOCKHART,Atlanta,0.3025945604768966,4.595249662594461,1314,2016,Recovery
2016-06-15,MESTER,Cleveland,0.3390707644762085,4.595249662594461,584,2016,Recovery
2016-06-15,ROSENGREN,Boston,0.29593249852623993,4.595249662594461,584,2016,Recovery
2016-06-15,WILLIAMS,San Francisco,0.24826968348259465,4.595249662594461,2628,2016,Recovery
2016-07-27,BULLARD,St. Louis,0.2714571777745749,4.778628998133454,3072,2016,Recovery
2016-07-27,DUDLEY,New York,0.2496994207671819,4.778628998133454,11520,2016,Recovery
2016-07-27,EVANS,Chicago,0.2938382341734418,4.778628998133454,3456,2016,Recovery
2016-07-27,GEORGE,Kansas City,0.30064354907400237,4.778628998133454,768,2016,Recovery
2016-07-27,KASHKARI,Minneapolis,0.2689110393937932,4.778628998133454,2304,2016,Recovery
2016-07-27,LACKER,Richmond,0.24442590316496987,4.778628998133454,8832,2016,Recovery
2016-07-27,LOCKHART,Atlanta,0.29995159360023366,4.778628998133454,1728,2016,Recovery
2016-07-27,MESTER,Cleveland,0.3195833412548533,4.778628998133454,1536,2016,Recovery
2016-07-27,ROSENGREN,Boston,0.2532462461068568,4.778628998133454,3840,2016,Recovery
2016-07-27,WILLIAMS,San Francisco,0.2582626773935752,4.778628998133454,6336,2016,Recovery
2016-09-21,BULLARD,St. Louis,0.2794329699451291,6.266447262007271,2142,2016,Recovery
2016-09-21,DUDLEY,New York,0.23374655423730542,6.266447262007271,3808,2016,Recovery
2016-09-21,EVANS,Chicago,0.2768815163782894,6.266447262007271,1428,2016,Recovery
2016-09-21,GEORGE,Kansas City,0.25791986668755856,6.266447262007271,1190,2016,Recovery
2016-09-21,KASHKARI,Minneapolis,0.2917078455067462,6.266447262007271,714,2016,Recovery
2016-09-21,LACKER,Richmond,0.29449225830021586,6.266447262007271,1190,2016,Recovery
2016-09-21,LOCKHART,Atlanta,0.2697218321883225,6.266447262007271,1428,2016,Recovery
2016-09-21,MESTER,Cleveland,0.3207955247739635,6.266447262007271,476,2016,Recovery
2016-09-21,ROSENGREN,Boston,0.24538281225024997,6.266447262007271,1904,2016,Recovery
2016-09-21,WILLIAMS,San Francisco,0.24008527693052295,6.266447262007271,4284,2016,Recovery
2016-11-02,BULLARD,St. Louis,0.3220749765828033,2.2514973467055333,1008,2016,Recovery
2016-11-02,DUDLEY,New York,0.26003702065615,2.2514973467055333,4032,2016,Recovery
2016-11-02,EVANS,Chicago,0.27659032154202745,2.2514973467055333,3360,2016,Recovery
2016-11-02,GEORGE,Kansas City,0.2747770833689694,2.2514973467055333,1008,2016,Recovery
2016-11-02,KASHKARI,Minneapolis,0.3005353352099976,2.2514973467055333,2016,2016,Recovery
2016-11-02,LACKER,Richmond,0.213928398715821,2.2514973467055333,8400,2016,Recovery
2016-11-02,LOCKHART,Atlanta,0.28999076639853605,2.2514973467055333,2016,2016,Recovery
2016-11-02,MESTER,Cleveland,0.34259326302589976,2.2514973467055333,1344,2016,Recovery
2016-11-02,ROSENGREN,Boston,0.27097804098906647,2.2514973467055333,2688,2016,Recovery
2016-11-02,WILLIAMS,San Francisco,0.25249836328486747,2.2514973467055333,5040,2016,Recovery
2016-12-14,BULLARD,St. Louis,0.23227714086709927,5.073972615723785,11100,2016,Recovery
2016-12-14,DUDLEY,New York,0.2558454399317851,5.073972615723785,6290,2016,Recovery
2016-12-14,EVANS,Chicago,0.3045742345769395,5.073972615723785,1480,2016,Recovery
2016-12-14,GEORGE,Kansas City,0.30172739069886795,5.073972615723785,740,2016,Recovery
2016-12-14,KASHKARI,Minneapolis,0.2920301616745351,5.073972615723785,1665,2016,Recovery
2016-12-14,LACKER,Richmond,0.23565297819164066,5.073972615723785,4440,2016,Recovery
2016-12-14,LOCKHART,Atlanta,0.3078669017465077,5.073972615723785,2220,2016,Recovery
2016-12-14,MESTER,Cleveland,0.2793245105813616,5.073972615723785,1850,2016,Recovery
2016-12-14,ROSENGREN,Boston,0.25492698309729445,5.073972615723785,1480,2016,Recovery
2016-12-14,WILLIAMS,San Francisco,0.24843633844746907,5.073972615723785,7770,2016,Recovery
2017-02-01,BULLARD,St. Louis,0.24244744764599077,4.465087412433506,4004,2017,Recovery
2017-02-01,DUDLEY,New York,0.21479788285416232,4.465087412433506,9464,2017,Recovery
2017-02-01,EVANS,Chicago,0.253729011026484,4.465087412433506,2184,2017,Recovery
2017-02-01,GEORGE,Kansas City,0.26462508333999224,4.465087412433506,728,2017,Recovery
2017-02-01,KASHKARI,Minneapolis,0.2717113479248523,4.465087412433506,4914,2017,Recovery
2017-02-01,LACKER,Richmond,0.2532198044829276,4.465087412433506,6916,2017,Recovery
2017-02-01,MESTER,Cleveland,0.2971933094318804,4.465087412433506,1456,2017,Recovery
2017-02-01,ROSENGREN,Boston,0.2632976141507845,4.465087412433506,1456,2017,Recovery
2017-02-01,WILLIAMS,San Francisco,0.25673448721050707,4.465087412433506,1638,2017,Recovery
2017-03-15,BULLARD,St. Louis,0.27766566839374524,5.6133181968580566,3200,2017,Recovery
2017-03-15,DUDLEY,New York,0.2868318785780863,5.6133181968580566,6720,2017,Recovery
2017-03-15,EVANS,Chicago,0.25933066461907633,5.6133181968580566,5440,2017,Recovery
2017-03-15,GEORGE,Kansas City,0.2996483487563817,5.6133181968580566,960,2017,Recovery
2017-03-15,KASHKARI,Minneapolis,0.2870223268023278,5.6133181968580566,2400,2017,Recovery
2017-03-15,LACKER,Richmond,0.22145229419563392,5.6133181968580566,3840,2017,Recovery
2017-03-15,MESTER,Cleveland,0.31401767722836127,5.6133181968580566,960,2017,Recovery
2017-03-15,ROSENGREN,Boston,0.281404824394489,5.6133181968580566,1920,2017,Recovery
2017-03-15,WILLIAMS,San Francisco,0.26813418494310254,5.6133181968580566,4800,2017,Recovery
2017-05-03,BULLARD,St. Louis,0.27536419171176707,4.18539338748449,4004,2017,Recovery
2017-05-03,DUDLEY,New York,0.2522111620628637,4.18539338748449,3388,2017,Recovery
2017-05-03,EVANS,Chicago,0.2682917400813604,4.18539338748449,2772,2017,Recovery
2017-05-03,GEORGE,Kansas City,0.2908283767101789,4.18539338748449,1232,2017,Recovery
2017-05-03,KASHKARI,Minneapolis,0.25423472841657324,4.18539338748449,6468,2017,Recovery
2017-05-03,MESTER,Cleveland,0.3004575630804847,4.18539338748449,1540,2017,Recovery
2017-05-03,ROSENGREN,Boston,0.2545573429148047,4.18539338748449,2464,2017,Recovery
2017-05-03,WILLIAMS,San Francisco,0.2750032525895553,4.18539338748449,2772,2017,Recovery
2017-06-14,BULLARD,St. Louis,0.24403766360070675,3.1482204821127975,3140,2017,Recovery
2017-06-14,DUDLEY,New York,0.23051212132558013,3.1482204821127975,5652,2017,Recovery
2017-06-14,EVANS,Chicago,0.2445481073417373,3.1482204821127975,3768,2017,Recovery
2017-06-14,GEORGE,Kansas City,0.2946358003960617,3.1482204821127975,1884,2017,Recovery
2017-06-14,KASHKARI,Minneapolis,0.24531035145291996,3.1482204821127975,3297,2017,Recovery
2017-06-14,MESTER,Cleveland,0.2564089527057296,3.1482204821127975,2198,2017,Recovery
2017-06-14,ROSENGREN,Boston,0.27507698176883094,3.1482204821127975,1884,2017,Recovery
2017-06-14,WILLIAMS,San Francisco,0.24975955029456895,3.1482204821127975,4239,2017,Recovery
2017-07-26,BULLARD,St. Louis,0.19632303170679205,4.758347638683822,960,2017,Recovery
2017-07-26,DUDLEY,New York,0.2752316228266907,4.758347638683822,960,2017,Recovery
2017-07-26,EVANS,Chicago,0.32556397812636345,4.758347638683822,320,2017,Recovery
2017-07-26,GEORGE,Kansas City,0.27444333921068853,4.758347638683822,480,2017,Recovery
2017-07-26,KASHKARI,Minneapolis,0.2786859217567832,4.758347638683822,1920,2017,Recovery
2017-07-26,MESTER,Cleveland,0.29889620854655774,4.758347638683822,320,2017,Recovery
2017-07-26,ROSENGREN,Boston,0.273540783046737,4.758347638683822,800,2017,Recovery
2017-07-26,WILLIAMS,San Francisco,0.2574482714675202,4.758347638683822,480,2017,Recovery
2017-09-20,BULLARD,St. Louis,0.238790120504938,4.2005944681943745,3380,2017,Recovery
2017-09-20,DUDLEY,New York,0.2345540147670573,4.2005944681943745,3900,2017,Recovery
2017-09-20,EVANS,Chicago,0.2443810140272431,4.2005944681943745,4940,2017,Recovery
2017-09-20,GEORGE,Kansas City,0.2804878218986153,4.2005944681943745,780,2017,Recovery
2017-09-20,KASHKARI,Minneapolis,0.23843612171304965,4.2005944681943745,2340,2017,Recovery
2017-09-20,MESTER,Cleveland,0.25087142628825165,4.2005944681943745,1560,2017,Recovery
2017-09-20,ROSENGREN,Boston,0.28413336352304963,4.2005944681943745,780,2017,Recovery
2017-09-20,WILLIAMS,San Francisco,0.19217940592318308,4.2005944681943745,1560,2017,Recovery
2017-11-01,BULLARD,St. Louis,0.22231114699901794,4.74028734032157,1640,2017,Recovery
2017-11-01,DUDLEY,New York,0.23933618011917726,4.74028734032157,656,2017,Recovery
2017-11-01,EVANS,Chicago,0.2976584192685246,4.74028734032157,328,2017,Recovery
2017-11-01,GEORGE,Kansas City,0.291903091184658,4.74028734032157,328,2017,Recovery
2017-11-01,KASHKARI,Minneapolis,0.24328457476265308,4.74028734032157,1476,2017,Recovery
2017-11-01,MESTER,Cleveland,0.2362211641432121,4.74028734032157,656,2017,Recovery
2017-11-01,ROSENGREN,Boston,0.2564470895785285,4.74028734032157,820,2017,Recovery
2017-11-01,WILLIAMS,San Francisco,0.22820940945214718,4.74028734032157,738,2017,Recovery
2017-12-13,BULLARD,St. Louis,0.24134896887964857,4.872108253013052,5720,2017,Recovery
2017-12-13,DUDLEY,New York,0.23894296094511877,4.872108253013052,6578,2017,Recovery
2017-12-13,EVANS,Chicago,0.28040010786438846,4.872108253013052,2002,2017,Recovery
2017-12-13,GEORGE,Kansas City,0.26698376986180583,4.872108253013052,1144,2017,Recovery
2017-12-13,KASHKARI,Minneapolis,0.22535826307596515,4.872108253013052,3432,2017,Recovery
2017-12-13,MESTER,Cleveland,0.29647404028809077,4.872108253013052,572,2017,Recovery
2017-12-13,ROSENGREN,Boston,0.30427059370068266,4.872108253013052,572,2017,Recovery
2017-12-13,WILLIAMS,San Francisco,0.25107971508719945,4.872108253013052,4719,2017,Recovery
